"","codmpio","Municipio","Depto","subregion","CTEP","nbi","iga_total","desemp_fisc","GAI","conflict_index","acciones_belicas","secuestro","ataques","ase_desap","coca","mineria_ilegal","pob_censo2018_2023","pob_rural_censo2018_2023","part_senado_urbano","part_camara_urbano","part_senado_rural","part_camara_rural","secciones_rurales","RAP"
"1",5893,"Yondó","Antioquia","Magdalena Medio",1,62.5333366394043,65.8531336253399,69.9678728367158,7,2.00909341755492,110,66,0,515,10.68,234.4,13306,5931,52.7775027230419,52.5695613427072,39.8006134969325,40.069018404908,2,"RAP del Agua y la Montaña"
"2",25001,"Agua de Dios","Cundinamarca","Suroccidente De Cundinamarca",0,24.0622882843018,63.4460385413907,63.499818225557,0,-0.8798013135084,2,8,0,6,0,0,10801,1955,54.6761112822092,54.7685042603429,0,0,4,"RAP (E) Central"
"3",50124,"Cabuyaro","Meta","Piedemonte Llanero",0,49.2584190368652,56.2282582503193,66.6454074038189,1,-0.550699486220189,4,3,0,29,0,0,4275,2201,56.6937669376694,56.7479674796748,57.6313594662219,57.5479566305254,3,"RAP (E) Central"
"4",15114,"Busbanzá","Boyacá","Altiplano Cundiboyacense",0,46.6375350952148,59.978921209185,59.8649278296358,0,-0.995024327328111,NA,NA,NA,NA,0,0,852,520,60.4240282685512,60.7773851590106,0,0,1,"RAP (E) Central"
"5",25019,"Albán","Cundinamarca","Altiplano Cundiboyacense",0,27.7755603790283,59.7976462458179,64.2199952244177,0,-0.566993664256814,7,6,0,29,0,0,5591,3687,46.707858659973,46.7271674068353,0,0,2,"RAP (E) Central"
"6",25324,"Guataquí","Cundinamarca","Suroccidente De Cundinamarca",0,48.9843368530273,68.4746880464053,57.4380991011313,0,-0.511052930457954,10,6,0,4,0,0,2354,1142,42.8010471204189,42.7137870855148,0,0,2,"RAP (E) Central"
"7",50568,"Puerto Gaitán","Meta","Altillanura",0,71.2279891967773,75.3555169074205,73.0468518710874,10,1.70477233437196,126,52,0,485,0,0,26533,12015,54.3056672025723,54.2353295819936,51.6520756848348,51.6520756848348,2,"RAP (E) Central"
"8",68522,"Palmar","Santander","Serrania De Los Yariguies",0,57.4747085571289,63.7961125277705,62.1859360649527,0,-1.0266410596571,0,0,0,6,0,0,1059,663,56.231884057971,56.231884057971,66.7506297229219,66.7506297229219,3,"RAP Gran Santander"
"9",25035,"Anapoima","Cundinamarca","Suroccidente De Cundinamarca",0,33.0522232055664,67.7363780999248,73.1087012745924,0,-0.75857750320031,1,14,0,19,0,0,13356,6735,42.5326833591846,43.2195878573011,45.4935622317597,45.8837300039017,3,"RAP (E) Central"
"10",25040,"Anolaima","Cundinamarca","Altiplano Cundiboyacense",0,31.7764720916748,72.8929632228738,63.5888408487203,0,-0.875241005775252,11,3,0,7,0,0,12092,7590,38.6092489489831,38.6546983297353,41.5871804654712,41.625333842045,4,"RAP (E) Central"
"11",25807,"Tibirita","Cundinamarca","Altiplano Cundiboyacense",0,38.9665260314941,52.0828558857606,62.2241706364417,0,-1.00849345220983,0,0,0,1,0,0,2882,2186,43.0836707152497,43.0161943319838,0,0,1,"RAP (E) Central"
"12",52019,"Albán","Nariño","Norte De Nariño",0,73.326545715332,64.6386632211295,59.2345243634375,0,0.869332276226766,21,7,20,3,0,0,7252,5159,66.0194174757282,66.1941747572816,73.7877723120169,74.0688685874912,2,"RAP Pacífico"
"13",50006,"Acacías","Meta","Piedemonte Llanero",0,27.776008605957,75.453253871882,70.1423463898428,3,0.334089208872203,95,86,0,574,0,0,68276,17265,60.3895873915353,60.4126084646715,64.8820326678766,65.4264972776769,5,"RAP (E) Central"
"14",25599,"Apulo","Cundinamarca","Suroccidente De Cundinamarca",0,43.4675712585449,63.0301938157166,64.2453453771466,0,-0.761163572478817,3,7,0,16,0,0,7127,3537,47.8987930783772,47.6225098153265,0,0,3,"RAP (E) Central"
"15",97666,"Taraira","Vaupés","Amazonia Sur-Oriental",0,93.1237945556641,55.192662881791,60.2835925026837,0,-1.21945574899087,0,0,0,0,0,0,1375,777,41.7374881964117,41.7374881964117,60.9336609336609,60.9336609336609,1,"RAP Amazonia"
"16",50223,"Cubarral","Meta","Piedemonte Llanero",0,41.291072845459,60.8067501991261,59.1013365657303,0,0.939534629701559,36,18,0,140,0,0,5189,1818,51.7365990764907,51.7767516562939,0,0,4,"RAP (E) Central"
"17",68013,"Aguada","Santander","Serrania De Los Yariguies",0,46.3655586242676,69.5204186594807,58.0370727514119,0,-0.695997055175288,8,0,0,16,0,0,1488,1160,55.0032701111838,54.807063440157,0,0,3,"RAP Gran Santander"
"18",5631,"Sabaneta","Antioquia","Valle De Aburra",0,8.31517028808594,81.6904384290755,76.4772549339993,0,-0.759175342315787,12,8,0,87,0,0,75812,7951,57.1226365898357,56.9244751702251,0,0,1,"RAP del Agua y la Montaña"
"19",15047,"Aquitania","Boyacá","Oriente De Boyaca",0,46.332706451416,57.2034386604193,65.4906084460062,0,0.0085759983030989,32,28,4,45,0,0,10901,6413,45.647288715193,45.676599902296,51.7341040462428,52.1882741535921,4,"RAP (E) Central"
"20",15051,"Arcabuco","Boyacá","Altiplano Cundiboyacense",0,33.6176681518555,62.0587792586921,63.3650935327485,0,-0.946322237428002,0,1,0,2,0,0,4285,2408,50.5691399662732,50.5691399662732,0,0,2,"RAP (E) Central"
"21",73024,"Alpujarra","Tolima","Sur Del Tolima",0,38.1944770812988,71.8558686078351,64.0615331003273,0,-0.541926786344714,2,16,0,13,0,0,3355,1854,53.3305921052632,53.3717105263158,63.3671083398285,63.4450506625097,1,"RAP (E) Central"
"22",15087,"Belén","Boyacá","Altiplano Cundiboyacense",0,34.7217483520508,62.0234120501464,61.419798578529,0,-0.905331920455545,2,2,0,8,0,0,5599,2077,50.0604047115675,50.0906070673513,53.551912568306,54.0983606557377,4,"RAP (E) Central"
"23",15090,"Berbeo","Boyacá","Altiplano Cundiboyacense",0,55.937442779541,52.7046346232515,56.7866578659082,0,-0.853486772576573,1,0,0,5,0,0,1212,881,50.3369272237197,50.4043126684636,0,0,1,"RAP (E) Central"
"24",13160,"Cantagallo","Bolívar","Magdalena Medio",1,71.8889083862305,48.4362151140913,67.4972369053042,4,0.117949101322016,44,10,0,99,1258.48,0,5922,2718,56.034293251264,55.9683446911409,47.7619799894681,47.6566614007372,2,"RAP Caribe"
"25",50245,"El Calvario","Meta","Piedemonte Llanero",0,20.9481029510498,59.2970186077039,60.7017330943103,0,0.126889792236542,41,10,0,11,0,0,1110,768,48.9556135770235,48.9556135770235,49.3062966915688,49.3062966915688,2,"RAP (E) Central"
"26",50270,"El Dorado","Meta","Ariari Guayabero",0,41.5876197814941,56.025315409753,58.9982167094165,0,2.04755022228556,36,22,0,124,0,0,2782,1770,59.8754448398576,60.1423487544484,59.4594594594595,59.4594594594595,2,"RAP (E) Central"
"27",15187,"Chivatá","Boyacá","Altiplano Cundiboyacense",0,38.1131935119629,62.237372636742,60.5706007544932,0,-0.975013964150815,0,0,0,2,0,0,1897,1511,55.7670346402741,55.9192995812714,0,0,1,"RAP (E) Central"
"28",15092,"Betéitiva","Boyacá","Altiplano Cundiboyacense",0,53.7738571166992,62.6126125373308,56.9855977294846,0,-0.994964516647854,NA,NA,NA,NA,0,0,1509,1206,47.7749790092359,47.7749790092359,54.9738219895288,54.9738219895288,1,"RAP (E) Central"
"29",15097,"Boavita","Boyacá","Altiplano Cundiboyacense",0,48.0938301086426,56.4556056131146,56.0888786214597,0,-0.990745372826977,0,0,0,1,0,0,3636,1880,41.3645575320874,41.3645575320874,44.4927536231884,44.4927536231884,2,"RAP (E) Central"
"30",25483,"Nariño","Cundinamarca","Suroccidente De Cundinamarca",0,46.6212005615234,66.4508962611296,60.1449048504698,0,-0.684562805064001,0,4,0,2,0,0,2100,529,45.5269143290371,46.0197119029568,0,0,2,"RAP (E) Central"
"31",68051,"Aratoca","Santander","Provincia De Guanenta",0,52.1018867492676,64.3060581501419,63.8295079642158,0,-0.903143043166738,13,3,0,13,0,0,6322,4163,50.2120569524387,50.1817631020903,0,0,5,"RAP Gran Santander"
"32",68324,"Guavatá","Santander","Provincia De Velez",0,28.8011035919189,60.8979289455604,61.6515032596596,0,-0.516231720902358,5,12,0,14,0,0,3396,2453,48.8839285714286,48.8392857142857,0,0,2,"RAP Gran Santander"
"33",15104,"Boyacá","Boyacá","Altiplano Cundiboyacense",0,47.2657737731934,59.3116643579998,65.9716575258968,0,-0.984820164601621,0,0,0,1,0,0,3724,3012,38.5263157894737,38.5263157894737,0,0,1,"RAP (E) Central"
"34",25099,"Bojacá","Cundinamarca","Altiplano Cundiboyacense",0,25.8230934143066,72.4004135499506,67.1994444972542,0,-0.939494037941285,0,1,0,11,0,0,8740,1522,60.0891677675033,60.0726552179657,0,0,3,"RAP (E) Central"
"35",15106,"Briceño","Boyacá","Altiplano Cundiboyacense",0,39.8971633911133,61.4408335540935,60.8749165775893,0,-0.90328090398183,7,0,0,2,0,0,1606,1204,50.0232450023245,50.0232450023245,0,0,2,"RAP (E) Central"
"36",25120,"Cabrera","Cundinamarca","Sumapaz",0,38.619270324707,46.3582191572764,57.5245512363532,0,0.534639756303953,91,6,3,34,0,0,3749,2602,38.0610412926391,38.0610412926391,30.1470588235294,30.1470588235294,4,"RAP (E) Central"
"37",63001,"Armenia","Quindío","Eje Cafetero",0,14.9960775375366,76.3244486410278,67.8221517666178,0,-1.0559799034498,4,18,0,161,0,0,251740,6281,52.4509803921569,52.6050875264809,54.9186128803963,55.2370842179759,5,"RAP Eje Cafetero"
"38",25123,"Cachipay","Cundinamarca","Altiplano Cundiboyacense",0,25.9902019500732,66.9457179732202,62.7339406680233,0,-0.971554159598996,0,1,0,7,0,0,8821,5126,42.2310263711774,42.1815030333044,41.8103448275862,41.8103448275862,2,"RAP (E) Central"
"39",52022,"Aldana","Nariño","Sur De Nariño",0,46.5149269104004,68.2845754968115,60.0647206934278,1,-0.968796381348738,0,2,0,10,0,0,5605,4416,58.005082592122,58.005082592122,60.2875112309075,60.2875112309075,1,"RAP Pacífico"
"40",25530,"Paratebueno","Cundinamarca","Piedemonte Llanero",0,51.7633285522461,63.475962407271,67.2474801637152,0,0.189876817503815,4,12,0,141,0,0,6669,3440,49.3252067914671,49.2816717457553,49.4331983805668,49.3522267206478,2,"RAP (E) Central"
"41",15522,"Panqueba","Boyacá","Altiplano Cundiboyacense",0,47.185173034668,43.2111894995769,54.2404832274285,0,-0.870746161950738,0,1,0,2,0,0,1250,593,47.8260869565217,47.8260869565217,0,0,2,"RAP (E) Central"
"42",76020,"Alcalá","Valle del Cauca","Norte Del Valle",0,30.6276836395264,72.1921832797779,58.9597711356528,1,-1.04996913813478,0,1,0,39,0,0,10462,2804,48.5703245749614,48.5510046367852,42.9553264604811,42.9553264604811,3,"RAP Pacífico"
"43",25126,"Cajicá","Cundinamarca","Altiplano Cundiboyacense",0,19.9376678466797,77.5809321129802,80.3253511731276,1,-1.00854992649202,0,2,0,6,0,0,75598,20257,56.2929543223152,56.274253120763,0,0,3,"RAP (E) Central"
"44",15664,"San José de Pare","Boyacá","Altiplano Cundiboyacense",0,38.0698509216309,55.6119246543582,59.1866474535815,0,-0.963039844693205,2,0,0,2,0,0,3797,2933,47.4509803921569,47.4074074074074,56.4950980392157,56.4950980392157,1,"RAP (E) Central"
"45",73026,"Alvarado","Tolima","Norte Del Tolima",0,48.670036315918,58.9107848452863,64.6697775264362,0,-0.710718164479613,7,11,0,35,0,0,6445,3856,43.7267311988086,43.801191362621,51.6331658291457,51.6645728643216,2,"RAP (E) Central"
"46",25148,"Caparrapí","Cundinamarca","Noroccidente De Cundinamarca",0,54.3306427001953,50.2740844466665,55.6401820336786,0,-0.23410523048682,25,12,0,156,0,0,10792,7392,41.0348977135981,41.0348977135981,43.7971952535059,44.2286947141316,2,"RAP (E) Central"
"47",15131,"Caldas","Boyacá","Altiplano Cundiboyacense",0,37.1170387268066,62.6762471591731,59.633975299273,0,-0.945321952807561,0,0,0,4,0,0,2333,2063,38.2177308222324,38.2177308222324,49.9099099099099,50,1,"RAP (E) Central"
"48",25151,"Cáqueza","Cundinamarca","Altiplano Cundiboyacense",0,31.4917793273926,64.0309295355267,64.928738479757,0,-0.794319371453842,7,14,0,15,0,0,14310,6859,47.0036549203503,47.0036549203503,0,0,2,"RAP (E) Central"
"49",44420,"La Jagua del Pilar","La Guajira","Serrania Del Perija",0,62.5621566772461,58.1822803910186,56.5927738142991,1,1.87910492804367,30,29,0,77,0,0,2595,875,65.1235444476001,65.2655495597841,66.728624535316,67.2862453531599,1,"RAP Caribe"
"50",85010,"Aguazul","Casanare","Piedemonte Llanero",0,33.5044631958008,66.1353595846068,73.8101737909714,8,1.25550155470382,92,166,0,661,0,0,26994,6900,61.1336710344539,61.1462301670365,68.5267857142857,68.5546875,4,"RAP Llanos"
"51",68077,"Barbosa","Santander","Provincia De Velez",0,22.8152236938477,63.3277996925436,68.6112883774538,0,-0.689136002676008,13,25,0,111,0,0,24482,5767,45.8493353028065,45.7775902089048,57.3757131214344,57.3757131214344,2,"RAP Gran Santander"
"52",68079,"Barichara","Santander","Provincia De Guanenta",0,37.2242851257324,59.6055297537316,64.2727674493857,0,-1.03113280343575,0,3,0,8,0,0,8271,5380,53.6815997519764,53.6350953340567,0,0,3,"RAP Gran Santander"
"53",15897,"Zetaquira","Boyacá","Altiplano Cundiboyacense",0,41.33251953125,56.8006822402251,67.0925040164744,0,-0.731199531980307,2,6,0,8,0,0,3411,2412,52.1862139917695,52.0833333333333,0,0,1,"RAP (E) Central"
"54",15022,"Almeida","Boyacá","Altiplano Cundiboyacense",0,36.8267936706543,60.8885324527473,59.9817984525535,0,-0.0597570196740625,0,2,0,35,0,0,1471,1183,44.1801619433198,44.1295546558704,0,0,2,"RAP (E) Central"
"55",68081,"Barrancabermeja","Santander","Magdalena Medio",0,24.9368915557861,67.1308206455695,78.1125157404391,21,2.93667446754932,338,209,0,4641,0,0,153535,17420,48.5451474834983,48.5077609323432,49.8458238369755,49.8257139026679,7,"RAP Gran Santander"
"56",25175,"Chía","Cundinamarca","Altiplano Cundiboyacense",0,10.8175640106201,76.6822683121248,79.8083371387226,0,-0.986623239800944,1,9,0,27,0,0,126231,17964,55.8330396826299,55.8205358462255,0,0,4,"RAP (E) Central"
"57",25178,"Chipaque","Cundinamarca","Altiplano Cundiboyacense",0,37.8577842712402,69.9782639643309,69.5274692023808,0,-0.554689668870989,12,10,0,32,0,0,7917,4994,45.5732946298984,45.5732946298984,0,0,2,"RAP (E) Central"
"58",25181,"Choachí","Cundinamarca","Altiplano Cundiboyacense",0,26.4888820648193,67.6877087872787,67.3033624333065,0,-0.707440769272708,13,14,0,5,0,0,9481,5113,46.4356156663849,46.5013618859773,48.1865284974093,48.1865284974093,2,"RAP (E) Central"
"59",27006,"Acandí","Chocó","Uraba",1,57.9142379760742,53.1719282242717,53.0334566023042,12,0.916044893470217,15,32,1,244,1.29,51.64,9438,5474,44.6046915725456,44.6046915725456,42.341395022783,42.3764458464774,3,"RAP Pacífico"
"60",50110,"Barranca de Upía","Meta","Piedemonte Llanero",0,51.906364440918,62.1737886003857,66.0739185226144,0,0.231940780419077,2,2,0,85,0,0,4293,1229,47.1538652746706,47.1538652746706,59.2156862745098,59.2156862745098,3,"RAP (E) Central"
"61",50150,"Castilla la Nueva","Meta","Piedemonte Llanero",0,32.0840911865234,87.409665504342,77.7253406164693,0,-0.472642221824441,6,6,0,64,0,0,11039,6503,67.1369102682701,67.1253469010176,64.1631719405261,64.1250476553565,2,"RAP (E) Central"
"62",15135,"Campohermoso","Boyacá","Oriente De Boyaca",0,45.1569709777832,57.931303800669,67.7215897186883,0,0.112262936296134,7,10,4,26,0,0,2165,1503,41.1871592973955,41.1265899454876,45.1539338654504,45.1539338654504,1,"RAP (E) Central"
"63",50251,"El Castillo","Meta","Ariari Guayabero",0,57.1524620056152,58.470789919203,61.2053714014716,1,6.98466196484146,174,61,0,685,0,0,5130,3250,41.8616610953973,41.8616610953973,41.3520097442144,41.2302070645554,2,"RAP (E) Central"
"64",15162,"Cerinza","Boyacá","Altiplano Cundiboyacense",0,25.494161605835,60.1388601143636,56.2284134199445,0,-0.995154823357763,NA,NA,NA,NA,0,0,2908,1570,58.3522727272727,58.3806818181818,0,0,2,"RAP (E) Central"
"65",68101,"Bolívar","Santander","Magdalena Medio",0,51.3420181274414,63.1793693491482,60.6809337492932,0,-0.151563621773096,39,19,0,119,3.04,0,8072,6645,43.152900582273,43.152900582273,52.4886877828054,52.4620708011711,2,"RAP Gran Santander"
"66",68001,"Bucaramanga","Santander","Provincia De Soto",0,14.6276912689209,76.3549830602619,72.8417768628744,7,0.72807481698462,211,276,0,1206,0,0,481945,6836,49.9153280531529,49.9238357607309,52.2275531185744,52.1932830705963,5,"RAP Gran Santander"
"67",76036,"Andalucía","Valle del Cauca","Centro Del Valle",0,20.9377174377441,61.9078890875425,66.5003869101092,0,-0.998147546310587,3,3,0,40,0,0,16918,3645,49.3851211493973,49.1050773164495,56.9656488549618,56.5203562340967,2,"RAP Pacífico"
"68",41006,"Acevedo","Huila","Sur Del Huila",0,57.0819549560547,64.0857084020064,61.4541644018474,0,0.0388271859095206,43,19,4,190,0,0,16002,13085,48.79970544919,48.9469808541973,51.7209302325581,52.2046511627907,4,"RAP (E) Central"
"69",44035,"Albania","La Guajira","Alta Guajira",0,60.9423217773438,53.6786944948812,72.8115335738027,2,-0.945696649563271,0,1,0,57,0,0,20674,8037,52.0252391614085,52.1575412171789,53.8286040211037,52.8447169542279,2,"RAP Caribe"
"70",15172,"Chinavita","Boyacá","Altiplano Cundiboyacense",0,28.3555889129639,57.7305489150394,60.801510744637,0,-0.915849307816089,3,0,0,4,0,0,2517,1483,42.0781893004115,42.0781893004115,44.6327683615819,44.6327683615819,1,"RAP (E) Central"
"71",15176,"Chiquinquirá","Boyacá","Altiplano Cundiboyacense",0,22.0976734161377,71.5802719449246,72.7214253910916,0,-0.888377438453622,8,6,0,34,0,0,42472,4733,49.6387496313772,49.7296765949081,54.0466392318244,53.9094650205761,4,"RAP (E) Central"
"72",25183,"Chocontá","Cundinamarca","Altiplano Cundiboyacense",0,35.291072845459,65.5979915618863,69.6567485456547,0,-0.785469219973348,3,23,0,23,0,0,16893,6675,46.7010589193592,46.7078468639696,0,0,2,"RAP (E) Central"
"73",15232,"Chíquiza","Boyacá","Altiplano Cundiboyacense",0,49.4716682434082,53.5836889678532,54.1005254644194,0,-0.971142204514414,0,1,0,0,0,0,3325,2986,59.8743512701448,59.8743512701448,51.0429447852761,51.1656441717791,2,"RAP (E) Central"
"74",54003,"Abrego","Norte de Santander","Provincia De Ricaurte",0,59.2494735717773,62.6761678933815,57.6904239348606,13,0.540183675803895,84,114,0,358,88.82,0,22951,10371,58.8464031108231,58.834619690096,54.0149006622517,54.0976821192053,2,"RAP Gran Santander"
"75",25086,"Beltrán","Cundinamarca","Altiplano Cundiboyacense",0,36.2924270629883,62.5515555292643,58.3293011532023,0,-0.236555233401521,4,4,2,12,0,0,1502,1070,41.7381974248927,41.7381974248927,50.8912655971479,50.8912655971479,1,"RAP (E) Central"
"76",15180,"Chiscas","Boyacá","Altiplano Cundiboyacense",0,60.3095741271973,64.0122783197534,58.647420075823,0,0.024041131811173,28,11,0,50,0,0,2913,2156,40.4831320283215,40.4831320283215,50.32437442076,50.32437442076,3,"RAP (E) Central"
"77",25095,"Bituima","Cundinamarca","Altiplano Cundiboyacense",0,39.4542045593262,60.681722740426,60.725988705705,0,-0.523549381173915,1,3,0,17,0,0,2174,1583,40.5030987969377,40.5030987969377,40.3669724770642,41.2844036697248,1,"RAP (E) Central"
"78",25200,"Cogua","Cundinamarca","Altiplano Cundiboyacense",0,16.0723114013672,73.9316854604688,77.9786086456022,0,-1.01452532855215,1,0,0,0,0,0,19321,10922,52.6517666150328,52.8140444051044,0,0,3,"RAP (E) Central"
"79",15183,"Chita","Boyacá","Altiplano Cundiboyacense",0,69.8524932861328,54.8915605539431,56.7405413554559,2,0.459088571930014,68,15,5,53,0,0,5157,3607,39.4528745458431,39.5169908100021,39.5923409512044,39.5923409512044,3,"RAP (E) Central"
"80",25214,"Cota","Cundinamarca","Altiplano Cundiboyacense",0,15.4168462753296,69.3251189415448,83.2624381395263,0,-0.975331618063711,0,5,0,6,0,0,29865,8769,49.8658209319346,49.8495568024722,0,0,2,"RAP (E) Central"
"81",68132,"California","Santander","Provincia De Soto",0,28.9383983612061,65.5147498148377,61.6950062302248,0,-0.180188505770922,2,10,0,3,0,0,1595,835,52.1454112038141,52.3241954707986,0,0,2,"RAP Gran Santander"
"82",25224,"Cucunubá","Cundinamarca","Altiplano Cundiboyacense",0,31.5482082366943,70.741743342195,62.7166091518604,0,-1.0154282683213,0,0,0,1,0,0,6044,4542,47.877638131373,47.9250652122362,46.5408805031447,46.5408805031447,3,"RAP (E) Central"
"83",68147,"Capitanejo","Santander","Provincia De Garcia Rovira",0,48.8560905456543,60.3582294775024,58.544728939833,0,-0.237694686516985,15,7,3,43,0,0,4206,1418,48.9240763296793,48.7819732034105,0,0,2,"RAP Gran Santander"
"84",15109,"Buenavista","Boyacá","Altiplano Cundiboyacense",0,46.8550453186035,63.1567101987145,60.0987530584192,0,-0.811716972006054,10,0,0,12,0,0,3293,2616,47.6611226611227,47.6351351351351,48.6858573216521,48.6858573216521,1,"RAP (E) Central"
"85",15185,"Chitaraque","Boyacá","Altiplano Cundiboyacense",0,51.5852737426758,47.8301782211734,61.4089677099026,0,-0.958194725015227,0,0,0,5,0,0,4170,3162,44.9261083743842,44.8866995073892,40.7792207792208,40.7792207792208,1,"RAP (E) Central"
"86",85125,"Hato Corozal","Casanare","Llanos Orientales",0,52.3168716430664,57.2345521081002,63.8411484121244,7,1.89099709113478,135,25,7,231,0,0,7543,3810,51.677559912854,51.7864923747277,57.4418604651163,57.4031007751938,6,"RAP Llanos"
"87",52036,"Ancuyá","Nariño","Centro Occidente De Nariño",0,65.2368698120117,52.9363729539746,57.229197839229,2,-0.764163736639909,10,9,0,12,56.07,0,7010,5335,55.1472504560855,55.3818087047172,64.0127388535032,64.0127388535032,3,"RAP Pacífico"
"88",5321,"Guatapé","Antioquia","Oriente Antioqueño",0,19.2134342193604,73.4230760818708,69.9369055845169,0,1.62182532966614,10,56,0,115,0,0,6965,2249,57.3850235849057,57.3997641509434,0,0,2,"RAP del Agua y la Montaña"
"89",25168,"Chaguaní","Cundinamarca","Altiplano Cundiboyacense",0,43.5902938842773,61.2043284144522,59.8712358350406,0,0.358792318555922,29,7,0,71,0,0,3679,2544,43.5587761674718,43.5319377348363,0,0,1,"RAP (E) Central"
"90",15236,"Chivor","Boyacá","Altiplano Cundiboyacense",0,35.1890258789062,57.5145207893378,62.5172092529691,0,-0.186413375734981,11,4,0,18,0,0,1888,1344,45.0613676212741,45.0613676212741,70.7692307692308,70.7692307692308,3,"RAP (E) Central"
"91",50287,"Fuente de Oro","Meta","Ariari Guayabero",0,42.2221069335938,63.2688349381842,63.8182308773394,1,0.512417359760145,27,19,2,229,0,0,8756,3656,46.1844088231265,46.321413892314,51.0064043915828,51.2351326623971,4,"RAP (E) Central"
"92",68121,"Cabrera","Santander","Provincia De Guanenta",0,59.4120178222656,69.8682412602455,61.4099088583187,0,-1.00654827841107,0,1,0,2,0,0,1538,1166,59.7799511002445,59.7799511002445,0,0,1,"RAP Gran Santander"
"93",50313,"Granada","Meta","Ariari Guayabero",0,29.5757083892822,67.7478481235051,70.7767220083025,13,0.822197094704869,67,105,0,1244,0,0,50095,8023,46.4285714285714,46.4374445430346,54.6650079971566,54.8604940465612,5,"RAP (E) Central"
"94",73030,"Ambalema","Tolima","Norte Del Tolima",0,36.413688659668,57.176052338537,55.2054660232708,0,-1.03329201067609,0,1,0,14,0,0,4937,997,46.2195923734385,46.3346482577252,49.2518703241895,49.1271820448878,2,"RAP (E) Central"
"95",41016,"Aipe","Huila","Norte Del Huila",0,41.884162902832,59.1484021338586,70.2858451137767,0,-0.724446636147956,27,6,0,41,0,0,11358,3968,42.5754967923643,42.5754967923643,40.5917159763314,40.5917159763314,3,"RAP (E) Central"
"96",50318,"Guamal","Meta","Piedemonte Llanero",0,21.9692249298096,63.1358697186409,66.8458847823458,3,0.25904797820429,19,15,0,171,0,0,10536,3454,61.0660702637219,61.1033454477681,59.5338983050847,59.5338983050847,6,"RAP (E) Central"
"97",25260,"El Rosal","Cundinamarca","Altiplano Cundiboyacense",0,24.656177520752,76.6091133350541,72.2480437648861,0,-1.01014176672146,0,1,0,0,0,0,18958,1572,61.9165440684767,61.5153136284606,0,0,1,"RAP (E) Central"
"98",50350,"La Macarena","Meta","Ariari Guayabero",1,85.6943511962891,61.1005747084748,62.3682905013422,36,0.917090326407293,180,35,0,231,73.8,0,17305,14238,36.0537686029765,36.0217634821571,21.1890243902439,21.1890243902439,2,"RAP (E) Central"
"99",15189,"Ciénega","Boyacá","Altiplano Cundiboyacense",0,30.9489727020264,64.2800974596994,59.9905059904312,0,-0.995228227374442,NA,NA,NA,NA,0,0,3289,2318,48.9290322580645,48.9806451612903,0,0,1,"RAP (E) Central"
"100",15204,"Cómbita","Boyacá","Altiplano Cundiboyacense",0,31.6034297943115,59.3411390737073,65.2918440979304,0,-0.979044610959356,0,1,0,1,0,0,10631,9326,55.2557616638561,54.9325463743676,54.5002760905577,54.6107123136389,2,"RAP (E) Central"
"101",15212,"Coper","Boyacá","Altiplano Cundiboyacense",0,47.4572982788086,52.7795319594675,57.9288096361206,0,-0.916726671882176,1,0,0,6,0,0,2639,1908,39.0393459376597,39.0393459376597,42.3547400611621,42.3547400611621,2,"RAP (E) Central"
"102",15317,"Guacamayas","Boyacá","Altiplano Cundiboyacense",0,47.6502304077148,63.9757692572639,56.6699075412809,0,-0.960536216120809,2,0,0,1,0,0,1352,818,47.1333735666868,54.2546771273386,0,0,1,"RAP (E) Central"
"103",25328,"Guayabal de Siquima","Cundinamarca","Altiplano Cundiboyacense",0,33.4213943481445,69.7916338457653,60.4049732292922,0,0.543261649364418,39,9,3,45,0,0,3923,2685,55.3163211057948,55.1568314726209,0,0,1,"RAP (E) Central"
"104",68152,"Carcasí","Santander","Provincia De Garcia Rovira",0,69.5829010009766,58.4848528928278,57.3710510685425,0,-0.270746989008619,9,5,5,22,0,0,3043,2521,37.7115775220041,37.6438727149628,52.887676216462,52.7512505684402,1,"RAP Gran Santander"
"105",25269,"Facatativá","Cundinamarca","Altiplano Cundiboyacense",0,15.9667749404907,71.9317399612933,73.6001849484962,0,-0.969624818651444,0,14,0,86,0,0,126129,7469,57.5576062330773,57.6725424103443,0,0,6,"RAP (E) Central"
"106",50400,"Lejanías","Meta","Ariari Guayabero",0,46.4610862731934,60.3251996567455,63.1068113258462,7,2.49007563492954,99,71,0,312,0,0,7805,4598,39.7613365155131,39.8090692124105,47.8337236533958,47.8922716627635,3,"RAP (E) Central"
"107",25368,"Jerusalén","Cundinamarca","Suroccidente De Cundinamarca",0,55.9481468200684,64.6657368323411,57.7605648738984,0,-0.559806490118781,7,2,0,16,0,0,1921,1120,38.5020700037636,38.6526157320286,0,0,4,"RAP (E) Central"
"108",25377,"La Calera","Cundinamarca","Altiplano Cundiboyacense",0,16.5303821563721,71.1786022578992,74.0438516283733,0,-0.616970707026074,6,29,2,5,0,0,27437,12736,48.6815615025779,48.4998772403634,47.3856209150327,47.1677559912854,6,"RAP (E) Central"
"109",15218,"Covarachía","Boyacá","Altiplano Cundiboyacense",0,70.9387512207031,52.0641329395503,55.6368651208602,0,-0.769890493410687,2,0,0,14,0,0,1968,1563,39.00675024108,39.1031822565092,41.8795620437956,41.970802919708,1,"RAP (E) Central"
"110",15223,"Cubará","Boyacá","Altiplano Cundiboyacense",0,69.4514083862305,59.8306938560661,60.9441173351497,6,1.09012910760103,46,22,10,47,0,0,5889,4140,41.9819380034171,41.8843055894557,30.1494476933073,30.1494476933073,1,"RAP (E) Central"
"111",15224,"Cucaita","Boyacá","Altiplano Cundiboyacense",0,40.8322982788086,57.9323310677262,59.6656390205317,0,-0.995323380729396,NA,NA,NA,NA,0,0,2689,1536,53.497688751926,53.497688751926,0,0,1,"RAP (E) Central"
"112",15226,"Cuítiva","Boyacá","Altiplano Cundiboyacense",0,33.6594161987305,62.564973475959,58.3630839374621,0,-0.826667554644222,2,0,0,6,0,0,1266,1036,47.758887171561,47.758887171561,46.9458987783595,47.1204188481675,1,"RAP (E) Central"
"113",25279,"Fómeque","Cundinamarca","Altiplano Cundiboyacense",0,28.8773784637451,58.4311593206444,67.5969863639388,0,-0.287419441269037,55,23,0,4,0,0,10206,4926,46.0810215763981,46.1470717745487,43.9903846153846,44.2307692307692,1,"RAP (E) Central"
"114",47030,"Algarrobo","Magdalena","Sierra Nevada De Santa Marta",0,64.6475372314453,57.4843336184425,58.252700317689,0,-0.245364902754607,5,12,0,156,0,0,10633,3828,59.6078431372549,59.6619337390128,57.5377969762419,57.5377969762419,1,"RAP Caribe"
"115",68162,"Cerrito","Santander","Provincia De Garcia Rovira",0,54.4249572753906,59.2588480685118,61.5914331250382,0,0.150623881930104,73,13,0,50,0,0,5064,2286,52.4658101947783,52.7351844177373,0,0,2,"RAP Gran Santander"
"116",68167,"Charalá","Santander","Provincia De Guanenta",0,27.0347423553467,62.864284396601,62.0423176886938,0,-0.562582411151854,12,23,0,36,0,0,9223,3509,45.9430297798878,45.9214501510574,63.785046728972,64.018691588785,3,"RAP Gran Santander"
"117",25281,"Fosca","Cundinamarca","Altiplano Cundiboyacense",0,44.0337791442871,68.1604398703632,58.1833375202771,0,-0.927758877291321,7,1,0,2,0,0,4582,3049,42.4215044047888,42.4440930652812,50.3759398496241,50.3759398496241,1,"RAP (E) Central"
"118",47053,"Aracataca","Magdalena","Sierra Nevada De Santa Marta",1,57.4617614746094,46.3249998140711,52.131418122845,1,2.46066473258555,300,71,0,637,0,0,27208,10462,50.7115568290353,50.7449856733524,61.123595505618,60.2846441947566,5,"RAP Caribe"
"119",25286,"Funza","Cundinamarca","Altiplano Cundiboyacense",0,17.6344985961914,75.2361879800327,77.9532237696385,0,-1.00260805131482,0,4,0,13,0,0,86170,1210,53.3180884102532,53.4061587429119,0,0,2,"RAP (E) Central"
"120",73043,"Anzoátegui","Tolima","Norte Del Tolima",0,67.6006546020508,59.300133216392,60.0409876692956,0,-0.317625439465709,32,7,4,60,0,0,6829,5649,39.2315644383184,38.8525155065472,47.7650727650728,47.6091476091476,2,"RAP (E) Central"
"121",15238,"Duitama","Boyacá","Altiplano Cundiboyacense",0,12.2739372253418,76.6963469930187,71.9770340028647,0,-0.888790130105097,5,37,0,37,0,0,97230,10201,57.320571733225,57.4068902485465,51.5117264764058,51.6671376094942,4,"RAP (E) Central"
"122",85139,"Maní","Casanare","Llanos Orientales",0,42.4957313537598,63.0851537051189,72.5408704478025,1,0.522048726971309,34,55,0,153,0,0,12094,3947,52.4450822386577,52.4671597306546,60.556464811784,60.556464811784,2,"RAP Llanos"
"123",68368,"Jesús María","Santander","Provincia De Velez",0,39.9981155395508,55.860163033094,64.788944415526,0,-0.891536127356745,2,4,0,4,0,0,2564,1930,42.5274309496784,42.4895951570185,40.6548431105048,40.6548431105048,2,"RAP Gran Santander"
"124",17013,"Aguadas","Caldas","Eje Cafetero",0,33.1268844604492,74.292534963623,59.7683350374225,0,-0.0946470031008069,35,26,0,209,0,0,17683,7723,50.2815711671125,51.9428410530762,53.00629476883,53.00629476883,4,"RAP Eje Cafetero"
"125",25290,"Fusagasugá","Cundinamarca","Sumapaz",0,21.4752674102783,71.5759650733437,69.6039360787656,0,-0.634604687277478,28,67,0,208,0,0,130880,15972,49.0988555983668,49.0689516360918,37.6960110041265,37.7991746905089,5,"RAP (E) Central"
"126",76041,"Ansermanuevo","Valle del Cauca","Norte Del Valle",0,35.2171859741211,79.2433873140528,62.0806590348042,2,-0.884702175752464,16,3,0,50,0,0,12256,4623,37.6797031998763,37.6874323697635,36.4080635308491,36.4080635308491,3,"RAP Pacífico"
"127",15244,"El Cocuy","Boyacá","Altiplano Cundiboyacense",0,55.0420532226562,56.29531798896,58.698997784803,0,-0.348079947825839,9,5,2,30,0,0,2913,1193,41.2810194500335,41.3145539906103,49.9265785609398,49.9265785609398,1,"RAP (E) Central"
"128",17042,"Anserma","Caldas","Eje Cafetero",0,22.8943710327148,70.0913960527387,61.4854429690158,0,0.032383502466908,51,64,0,235,0,0,28576,11110,48.1512530885987,48.2527356159548,55.7380108229147,55.7566710207128,1,"RAP Eje Cafetero"
"129",68169,"Charta","Santander","Provincia De Soto",0,37.3530311584473,57.4396748170068,56.1012258135206,0,0.656689715061565,29,21,1,31,0,0,2236,1596,65.8576717400247,65.8576717400247,66.8615984405458,66.7641325536062,2,"RAP Gran Santander"
"130",76054,"Argelia","Valle del Cauca","Norte Del Valle",0,29.3209018707275,60.3285775400106,58.0412580458677,0,-0.937068381983513,4,2,0,19,0,0,3689,1566,43.1962397179788,43.3842538190364,40.8496732026144,40.9430438842204,3,"RAP Pacífico"
"131",15248,"El Espino","Boyacá","Altiplano Cundiboyacense",0,44.0992126464844,55.6535693802092,57.8434292278116,0,0.397476169249863,37,5,10,3,0,0,2369,1259,46.40625,46.40625,50.3740648379052,50.3740648379052,2,"RAP (E) Central"
"132",5607,"Retiro","Antioquia","Oriente Antioqueño",0,18.4825668334961,82.9798728490705,75.1793272984685,0,-0.0778311892578367,4,25,0,224,0,0,20368,8345,56.1078409999273,56.1223748274108,57.2723153602175,57.4082464884459,2,"RAP del Agua y la Montaña"
"133",20011,"Aguachica","Cesar","Magdalena Medio",0,46.1445541381836,55.8416576216486,66.5474426271642,11,1.53206861213789,102,438,0,1733,0,0,85078,10722,52.4152668720803,52.4881555842693,43.039677202421,43.4028244788164,5,"RAP Caribe"
"134",25662,"San Juan de Río Seco","Cundinamarca","Altiplano Cundiboyacense",0,33.6957130432129,62.6233389289729,65.0877589252703,0,-0.0984096474718205,24,14,0,99,0,0,6997,3955,45.028770239529,45.2027298273786,51.5834348355664,51.9488428745432,1,"RAP (E) Central"
"135",25295,"Gachancipá","Cundinamarca","Altiplano Cundiboyacense",0,22.4072647094727,73.3481200881895,73.9501163912068,0,-1.0021363527367,0,1,0,2,0,0,14914,4000,56.6834804539723,56.7675493905002,0,0,1,"RAP (E) Central"
"136",95015,"Calamar","Guaviare","Ariari Guayabero",1,70.0127868652344,66.1136953129619,56.1299736753308,20,1.43160038499152,56,30,0,341,202.59,0,6925,3748,45.4414673619853,45.7112030210394,0,0,4,"RAP Amazonia"
"137",17050,"Aranzazu","Caldas","Eje Cafetero",0,25.6797904968262,73.0733192173323,62.4300188595769,0,-0.805606771508242,1,1,0,43,0,0,7989,2352,48.3695158506676,48.3785993278227,54.2056074766355,54.2056074766355,1,"RAP Eje Cafetero"
"138",52224,"Cuaspud","Nariño","Sur De Nariño",0,59.786304473877,74.2631329102074,57.5041013537807,0,-0.613718827396416,2,3,3,23,0,0,6807,4806,56.7257383966245,56.8945147679325,58.9147286821705,58.7596899224806,2,"RAP Pacífico"
"139",73055,"Armero","Tolima","Norte Del Tolima",0,28.2012062072754,66.2741377719466,57.9565195059481,0,-0.252751668056587,15,18,0,142,0,0,9165,3228,42.4365025848505,42.4365025848505,49.9617444529457,49.9617444529457,2,"RAP (E) Central"
"140",25805,"Tibacuy","Cundinamarca","Sumapaz",0,38.2397994995117,56.7044765881319,58.9582858620622,0,0.0693327162346996,5,15,2,40,0,0,3758,3016,46.3645943097998,46.3645943097998,50.8324661810614,50.8324661810614,2,"RAP (E) Central"
"141",99001,"Puerto Carreño","Vichada","Altillanura",0,51.6909446716309,56.7140731590732,62.6960993353842,6,0.134228395490614,119,14,0,79,0,0,13926,3035,49.9093013073122,49.9343216363295,37.3906705539359,37.5,1,"RAP Llanos"
"142",68179,"Chipatá","Santander","Provincia De Velez",0,46.6390571594238,62.7185832308394,63.3640250429784,0,-0.990765357793635,10,0,0,7,0,0,4022,3411,53.6624203821656,53.7534121929026,0,0,1,"RAP Gran Santander"
"143",25823,"Topaipí","Cundinamarca","Noroccidente De Cundinamarca",0,57.9342002868652,60.9092563042844,58.5192986101908,0,0.348551567740993,34,6,0,84,0,0,3558,2671,55.650623885918,55.7575757575758,61.7745163442295,61.84122748499,2,"RAP (E) Central"
"144",85162,"Monterrey","Casanare","Piedemonte Llanero",0,30.718132019043,70.6525077114429,80.6101087382524,0,0.638636386636142,21,60,0,273,0,0,12821,3585,54.8583792289536,54.9763965381589,61.7595818815331,61.8466898954704,3,"RAP Llanos"
"145",76100,"Bolívar","Valle del Cauca","Centro Del Valle",0,31.2741870880127,63.7362222932264,62.0868069608178,5,-0.491856578276389,17,6,0,131,77.41,0,11146,7369,49.2033542976939,49.1614255765199,51.3092051669964,51.344117304783,3,"RAP Pacífico"
"146",54051,"Arboledas","Norte de Santander","Centro De Norte De Santander",0,56.2844047546387,55.1415329475807,57.181528243313,0,0.083827649313584,82,12,0,60,0,0,7118,5279,58.2684379294549,58.2913421896473,64.0822784810127,64.0822784810127,3,"RAP Gran Santander"
"147",5266,"Envigado","Antioquia","Valle De Aburra",0,7.13092851638794,84.094937975544,78.9868921092608,0,-0.686282520347017,19,22,0,457,0,0,212898,6338,50.1176700896676,50.1402252967286,46.6537551108242,46.8689477081988,5,"RAP del Agua y la Montaña"
"148",15293,"Gachantivá","Boyacá","Altiplano Cundiboyacense",0,51.4036331176758,55.228988797673,60.1188686138124,0,-0.979672014758948,2,0,0,0,0,0,2015,1529,52.5024533856722,52.6660124304874,0,0,2,"RAP (E) Central"
"149",23068,"Ayapel","Córdoba","La Mojana",0,66.712516784668,49.5432629343415,60.6152866880004,3,-0.747555330088044,14,15,0,103,0,3970.7,31061,12295,48.6529383037604,48.7261924141299,51.9148415514499,51.8414290958033,6,"RAP Caribe"
"150",25297,"Gachetá","Cundinamarca","Altiplano Cundiboyacense",0,36.117546081543,64.3616079142213,64.6599840734666,0,-0.546508942835798,22,6,0,44,0,0,7152,3744,42.9965947786606,42.883087400681,44.0909090909091,44.0909090909091,2,"RAP (E) Central"
"151",68190,"Cimitarra","Santander","Magdalena Medio",0,50.0092086791992,65.2729909031346,72.6203387666307,3,1.22287299779047,53,39,9,801,4.68,0,24570,12891,44.5590159644072,44.5851871237896,43.3251180940645,43.1300061614294,5,"RAP Gran Santander"
"152",73067,"Ataco","Tolima","Sur Del Tolima",1,67.8807601928711,53.0981071524994,57.6109793613704,1,-0.120809816016446,26,13,2,246,0,0,12408,8804,44.3140794223827,44.3862815884477,48.7678070084226,48.7366122491421,2,"RAP (E) Central"
"153",25299,"Gama","Cundinamarca","Altiplano Cundiboyacense",0,33.1117324829102,64.272880292506,60.8693960636517,0,-0.610163610500974,3,5,1,8,0,0,2583,1792,51.6788321167883,51.6423357664234,56.7335243553009,56.7335243553009,1,"RAP (E) Central"
"154",25307,"Girardot","Cundinamarca","Suroccidente De Cundinamarca",0,22.4415130615234,72.98415181172,67.357306476222,0,-0.894462836569194,8,9,0,104,0,0,93190,2772,49.2081518551336,49.0846010807573,49.7153700189753,49.449715370019,5,"RAP (E) Central"
"155",41020,"Algeciras","Huila","Centro Del Huila",1,49.0392837524414,57.7474595589422,58.8433878200218,5,1.70453529012647,173,32,9,198,0,0,15462,8097,41.5691779753549,41.6549680237093,48.423645320197,48.423645320197,3,"RAP (E) Central"
"156",15296,"Gameza","Boyacá","Altiplano Cundiboyacense",0,42.634334564209,59.5712440629708,59.9177336920328,0,-0.811720745356661,6,0,1,5,0,0,3369,2294,46.5872156013001,46.5872156013001,50.6738544474394,50.6738544474394,3,"RAP (E) Central"
"157",15299,"Garagoa","Boyacá","Altiplano Cundiboyacense",0,22.6382007598877,60.2667635850661,69.7873436348669,0,-0.872672581393556,3,1,0,29,0,0,14165,4141,50.1257697979009,50.1344435770665,56.0897435897436,56.0897435897436,3,"RAP (E) Central"
"158",17088,"Belalcázar","Caldas","Eje Cafetero",0,34.2263870239258,57.759303223521,59.0800958398269,0,-0.639420499938672,1,13,0,44,0,0,7697,3773,49.0725126475548,49.1503437540537,51.9230769230769,51.8461538461538,2,"RAP Eje Cafetero"
"159",73124,"Cajamarca","Tolima","Norte Del Tolima",0,33.782154083252,58.3616057762427,62.6935599748297,1,-0.207655618855516,62,24,0,105,0,0,13295,6128,36.3263712668358,36.3003448500228,37.6760563380282,37.7640845070423,4,"RAP (E) Central"
"160",25312,"Granada","Cundinamarca","Sumapaz",0,26.6427516937256,61.1330091193475,68.77038891917,0,-0.649389421873464,3,12,0,13,0,0,6032,3989,48.3243618683799,48.4285466226776,0,0,2,"RAP (E) Central"
"161",5856,"Valparaíso","Antioquia","Suroeste Antioqueño",0,35.8769416809082,61.6286901744346,58.3926828857929,0,-0.0465480323378205,2,7,2,70,0,0,5229,1942,41.6173570019724,41.5635646404877,23.4177215189873,23.4177215189873,2,"RAP del Agua y la Montaña"
"162",17174,"Chinchiná","Caldas","Eje Cafetero",0,22.2532501220703,68.4773835757768,61.273032469436,0,-0.710994077424431,5,5,1,153,0,0,41458,4169,48.9067445824203,49.1770148526905,43.8172043010753,42.3835125448029,3,"RAP Eje Cafetero"
"163",5190,"Cisneros","Antioquia","Nordeste Antioqueño",0,28.3709850311279,62.7786867533571,59.2576171197477,0,0.668629889965229,12,8,0,258,0,0,7938,898,39.1663796073028,39.3213916637961,0,0,2,"RAP del Agua y la Montaña"
"164",25317,"Guachetá","Cundinamarca","Altiplano Cundiboyacense",0,30.7337093353271,69.3099896201558,64.504179505336,0,-0.969704495677465,0,1,0,9,0,0,10413,5159,45.4877904919193,45.4877904919193,49.2647058823529,49.2647058823529,4,"RAP (E) Central"
"165",54099,"Bochalema","Norte de Santander","Suroriente De Norte De Santander",0,30.4391040802002,55.1435787296837,59.937364451304,1,-0.743844586908695,8,5,0,23,0,0,6501,3886,59.1720376797224,59.1968269707486,70.1892016612829,70.1430549146285,4,"RAP Gran Santander"
"166",25320,"Guaduas","Cundinamarca","Noroccidente De Cundinamarca",0,29.9487800598145,68.2587675346698,69.5269292739568,1,0.0454850905362003,64,29,0,293,0,0,28445,13901,46.5613914635542,46.6929854674448,50.5512454062883,50.6941608819927,6,"RAP (E) Central"
"167",68207,"Concepción","Santander","Provincia De Garcia Rovira",0,50.8905487060547,66.4255744916952,57.2371192999469,0,-0.163862075435245,25,10,0,57,0,0,4272,2099,50.1241208109226,50.2482416218453,30.1587301587302,30.1587301587302,2,"RAP Gran Santander"
"168",25322,"Guasca","Cundinamarca","Altiplano Cundiboyacense",0,21.7456398010254,61.1384096610839,72.9875740729325,0,-0.675834312233476,6,21,0,10,0,0,13475,7064,51.261620185923,51.3185353822804,0,0,4,"RAP (E) Central"
"169",44078,"Barrancas","La Guajira","Sierra Nevada De Santa Marta",0,42.2738456726074,53.773316018193,68.0350869780596,3,-0.641150330967126,19,11,0,137,0,0,25775,13244,55.6810550094633,55.8520056169485,58.4171946825693,58.6905205615604,3,"RAP Caribe"
"170",15808,"Tinjacá","Boyacá","Altiplano Cundiboyacense",0,48.1310539245605,58.6222513393415,56.1152085387806,0,-0.977746100846886,0,0,0,1,0,0,2490,1847,54.1014168530947,54.1387024608501,0,0,1,"RAP (E) Central"
"171",15820,"Tópaga","Boyacá","Altiplano Cundiboyacense",0,28.2604694366455,54.2258311989458,60.0937378230018,0,-0.989024229424369,1,0,0,0,0,0,2617,1739,60.3101424979044,60.6454316848282,60.377358490566,62.8930817610063,2,"RAP (E) Central"
"172",25326,"Guatavita","Cundinamarca","Altiplano Cundiboyacense",0,23.1511344909668,64.4231895675599,70.0304787577093,0,-0.878614977738605,4,4,0,3,0,0,5451,3081,52.3677432137904,52.3083019615613,0,0,2,"RAP (E) Central"
"173",52480,"Nariño","Nariño","Centro De Nariño",0,39.7718887329102,57.6966572491876,59.8152265873003,0,-0.891458570166742,0,2,0,12,0,0,3360,1318,72.4740578918624,72.6196977971964,76.9230769230769,77.3504273504274,2,"RAP Pacífico"
"174",68209,"Confines","Santander","Provincia Comunera",0,36.1117630004883,70.4584287648277,62.6842246535737,0,-0.935683739751316,7,0,0,8,0,0,2346,1760,54.3876567020251,54.3394406943105,49.5821727019499,49.5821727019499,2,"RAP Gran Santander"
"175",73148,"Carmen de Apicalá","Tolima","Norte Del Tolima",0,30.4762725830078,67.1054181240977,66.1292158125869,0,-1.03043840019847,5,4,0,2,0,0,7956,1900,45.1376146788991,46.5366972477064,0,0,2,"RAP (E) Central"
"176",25871,"Villagómez","Cundinamarca","Noroccidente De Cundinamarca",0,41.7939453125,66.1839316332835,60.233989823172,0,-0.77643825461292,5,0,0,9,0,0,1488,836,50.251256281407,50.251256281407,64.2458100558659,64.2458100558659,2,"RAP (E) Central"
"177",63130,"Calarcá","Quindío","Eje Cafetero",0,20.0379123687744,69.1312838649957,67.2670841778203,0,-0.757283773182998,38,10,0,71,0,0,60274,12277,49.9961199705118,50.0950607224615,55.8849171752398,55.984555984556,3,"RAP Eje Cafetero"
"178",54109,"Bucarasica","Norte de Santander","Catatumbo",0,68.0651779174805,50.4234275777248,56.118958920468,5,-0.420978893324829,17,4,0,37,4.87,0,4199,3709,44.8992852501624,44.8992852501624,54.4610415825595,54.4206701655228,1,"RAP Gran Santander"
"179",73678,"San Luis","Tolima","Sur Del Tolima",0,51.2409858703613,66.9365355859524,64.3849869538996,0,-0.854584039165345,3,2,0,98,0,0,10135,7173,51.5762925598991,51.702395964691,55.8287409919457,55.4896142433234,3,"RAP (E) Central"
"180",25335,"Guayabetal","Cundinamarca","Altiplano Cundiboyacense",0,46.3351173400879,69.9059884295653,66.7802187762583,0,2.04058086112429,44,73,0,40,0,0,4985,2927,55.3157290470723,55.3846153846154,65.7142857142857,65,2,"RAP (E) Central"
"181",5150,"Carolina","Antioquia","Norte De Antioquia",0,23.5506267547607,72.3875070144449,65.164939596089,0,1.19118117104822,60,14,0,88,0,0,3365,744,38.8423645320197,38.2758620689655,48.3870967741936,45.1612903225806,3,"RAP del Agua y la Montaña"
"182",52051,"Arboleda","Nariño","Norte De Nariño",0,64.6916961669922,64.4160168436851,60.6794660476649,0,-0.952893978562507,1,5,0,5,0,0,6349,5479,61.0029693170571,61.0029693170571,72.0636067943621,72.0636067943621,1,"RAP Pacífico"
"183",25339,"Gutiérrez","Cundinamarca","Altiplano Cundiboyacense",0,56.7362670898438,60.7173958829909,58.7751568193215,0,0.210402935719577,108,2,1,16,0,0,2726,1710,52.4020694752402,52.4020694752402,0,0,2,"RAP (E) Central"
"184",50226,"Cumaral","Meta","Piedemonte Llanero",0,28.5037746429443,63.628608612819,67.461743160476,0,-0.0885369660576484,23,23,0,211,0,0,16611,5500,54.7058823529412,54.6628407460545,57.8143360752056,57.8535056795926,2,"RAP (E) Central"
"185",68229,"Curití","Santander","Provincia De Guanenta",0,38.4860877990723,67.3999868445431,61.7275335096002,0,-1.08772702270329,1,2,0,4,0,0,9869,5890,59.7407622364094,59.7407622364094,59.2449464922711,59.1260404280618,3,"RAP Gran Santander"
"186",97161,"Caruru","Vaupés","Amazonia Sur-Oriental",0,100,65.2908678458768,59.0524142079937,0,-0.278300629845872,5,13,0,20,28.81,0,1840,914,51.5894039735099,52.9139072847682,45.0777202072539,45.0777202072539,1,"RAP Amazonia"
"187",15322,"Guateque","Boyacá","Altiplano Cundiboyacense",0,24.0368270874023,53.0236607200279,67.2613586825899,0,-0.827665093259671,2,2,0,24,0,0,8642,2478,44.3137690003329,44.2250083213137,0,0,2,"RAP (E) Central"
"188",25053,"Arbeláez","Cundinamarca","Sumapaz",0,33.8150100708008,73.7131025495884,61.2160044581827,0,-0.621113009157182,2,11,2,17,0,0,9206,4616,51.3171057019006,51.2726464377015,0,0,2,"RAP (E) Central"
"189",25372,"Junín","Cundinamarca","Altiplano Cundiboyacense",0,32.7186012268066,56.9657695043512,64.700680146312,0,-0.282530285163282,68,8,0,10,0,0,5113,3990,37.1390374331551,37.192513368984,37.6187814421464,37.5069871436557,2,"RAP (E) Central"
"190",15332,"Güicán","Boyacá","Altiplano Cundiboyacense",0,62.3561019897461,55.2148811443023,56.0748152873613,0,-0.266609415471166,61,3,1,16,0,0,2853,1735,43.4117647058824,43.2549019607843,36.4185110663984,36.4185110663984,1,"RAP (E) Central"
"191",47058,"Ariguaní","Magdalena","Sierra Nevada De Santa Marta",0,68.128059387207,43.606746926193,59.8527718834944,0,-0.481591068318126,27,15,0,196,0,0,21356,7947,57.2893395199633,57.2893395199633,58.9952053366688,58.9952053366688,3,"RAP Caribe"
"192",68020,"Albania","Santander","Provincia De Velez",0,30.3205337524414,55.7832675164339,61.4818463252058,0,-0.637591221171042,7,4,2,14,0,0,3356,2745,39.6995708154506,39.1273247496423,43.0456852791878,42.9441624365482,1,"RAP Gran Santander"
"193",15367,"Jenesano","Boyacá","Altiplano Cundiboyacense",0,38.8309288024902,67.3820453998597,68.1395483722409,0,-0.954826552772772,0,2,0,0,0,0,5310,3888,43.7712243074173,43.7712243074173,0,0,1,"RAP (E) Central"
"194",68235,"El Carmen de Chucurí","Santander","Magdalena Medio",0,63.0570755004883,67.0960761907153,61.8525023060158,0,0.718817106401752,61,18,0,435,0,0,15264,12379,45.0359432679231,45.2302312026423,48.2393162393162,48.4444444444444,2,"RAP Gran Santander"
"195",68245,"El Guacamayo","Santander","Serrania De Los Yariguies",0,43.6230239868164,68.8241472841117,55.7326733491993,0,-0.672139316993217,5,2,0,14,0,0,1565,1039,49.2021276595745,49.2021276595745,58.6206896551724,58.2150101419878,2,"RAP Gran Santander"
"196",68250,"El Peñón","Santander","Magdalena Medio",0,70.8369598388672,53.9857693555606,58.7026048857195,0,-0.589018438158545,11,1,0,46,0,0,3698,3039,44.2986881937437,44.3491422805247,61.965811965812,61.965811965812,2,"RAP Gran Santander"
"197",99624,"Santa Rosalía","Vichada","Altillanura",0,83.2995758056641,47.1461955996422,59.6972076120921,0,-0.560255484075445,1,1,0,40,0,0,2734,928,64.3237486687966,64.3592474263401,58.6734693877551,58.6734693877551,1,"RAP Llanos"
"198",15368,"Jericó","Boyacá","Altiplano Cundiboyacense",0,66.6469192504883,68.333708358679,59.3358289850084,0,-0.879919597301808,4,0,0,8,0,0,2772,1849,41.801878736123,41.801878736123,47.3684210526316,47.3684210526316,2,"RAP (E) Central"
"199",73152,"Casabianca","Tolima","Norte Del Tolima",0,37.3999061584473,62.1566009234176,57.9747389859106,0,-0.152630760491812,1,10,1,91,0,0,4459,3166,52.4352577809456,52.4114991684486,58.8744588744589,58.8744588744589,1,"RAP (E) Central"
"200",17272,"Filadelfia","Caldas","Eje Cafetero",0,29.2493305206299,68.2640425102202,58.240695079167,0,-0.583357834046269,2,2,0,89,0,0,8787,5157,52.3964786436257,52.3964786436257,57.5674019607843,57.5674019607843,2,"RAP Eje Cafetero"
"201",50325,"Mapiripán","Meta","Altillanura",1,89.419189453125,55.5027067477129,57.7479567786187,4,1.96696425058656,92,58,0,541,284.57,0,4099,2519,36.2135922330097,36.2135922330097,29.816718819848,29.9955297273134,1,"RAP (E) Central"
"202",63190,"Circasia","Quindío","Eje Cafetero",0,21.9489631652832,73.9187991229199,64.1609294716074,0,-1.03322317651919,7,0,0,21,0,0,23432,5568,53.9850531495149,54.286775286636,51.6207455429498,51.2155591572123,3,"RAP Eje Cafetero"
"203",25386,"La Mesa","Cundinamarca","Suroccidente De Cundinamarca",0,30.6023921966553,64.843572591949,71.3063845179701,0,-0.811402978984494,4,12,0,66,0,0,30510,12483,40.5595466963473,40.3875341495497,42.1207992733878,42.2343324250681,3,"RAP (E) Central"
"204",23079,"Buenavista","Córdoba","Alto Sinu Y San Jorge",0,65.8879699707031,53.4610773113613,58.3619930173538,1,-0.289945121249484,20,5,0,214,0,0,14461,8995,50.2396013034311,50.6900517538815,53.7346711259755,54.2642140468227,2,"RAP Caribe"
"205",15380,"La Capilla","Boyacá","Altiplano Cundiboyacense",0,26.1694927215576,48.4667376127277,58.3543430402019,0,-0.982625789904744,0,0,0,1,0,0,2097,1249,49.8031496062992,49.8031496062992,0,0,1,"RAP (E) Central"
"206",68255,"El Playón","Santander","Provincia De Soto",0,49.0886535644531,53.6981847808693,58.2617532425899,1,2.68710400718706,143,111,0,324,0,0,9886,4408,44.5398187887458,44.5875059608965,44.5680819912152,44.6266471449488,3,"RAP Gran Santander"
"207",25394,"La Palma","Cundinamarca","Noroccidente De Cundinamarca",0,46.9797859191895,54.2775259222628,56.2982983642571,0,1.30110875503573,40,14,0,355,0,0,8369,4363,40.9302945488471,41.3168066106891,37.0739817123857,37.9052369077307,3,"RAP (E) Central"
"208",47161,"Cerro San Antonio","Magdalena","Cienaga Grande De Santa Marta",0,62.687744140625,47.5024748716926,55.8463434405856,0,-0.758286876064908,5,1,0,43,0,0,6902,3094,61.5083068881837,62.5163337689005,70.2694034637588,69.0827453495831,2,"RAP Caribe"
"209",15403,"La Uvita","Boyacá","Altiplano Cundiboyacense",0,45.5824241638184,62.5040462008245,58.7873319922844,0,-0.853658116261478,3,0,1,2,0,0,2115,1113,44.7662601626016,44.7662601626016,42.2033898305085,42.2033898305085,2,"RAP (E) Central"
"210",20013,"Agustín Codazzi","Cesar","Serrania Del Perija",1,54.5268859863281,61.7255875139794,61.2919233439269,1,1.62427806823099,105,184,0,1304,0,0,44497,9113,49.2090544660217,49.2090544660217,46.3921728495719,46.3921728495719,5,"RAP Caribe"
"211",15401,"La Victoria","Boyacá","Altiplano Cundiboyacense",0,55.1318397521973,55.9572691659831,58.1811205508548,0,-0.628888331217493,4,0,0,11,0,0,870,519,48.8612836438923,48.8612836438923,54.0084388185654,54.0084388185654,2,"RAP (E) Central"
"212",5055,"Argelia","Antioquia","Oriente Antioqueño",0,48.8526916503906,55.7686929092805,52.8879865475001,6,11.8619749556732,74,608,1,451,0,3.76,5399,2559,37.6041666666667,37.6388888888889,25.6136606189968,25.6136606189968,3,"RAP del Agua y la Montaña"
"213",15377,"Labranzagrande","Boyacá","Oriente De Boyaca",0,73.070182800293,61.0367184924105,56.8770272895368,0,0.654976990132244,71,11,2,62,0,0,2715,1746,62.7916331456154,62.7514078841512,69.7080291970803,69.7080291970803,3,"RAP (E) Central"
"214",18029,"Albania","Caquetá","Florencia Y Area De Influencia",1,43.0369529724121,52.6627379833687,56.9271843974459,0,1.59084276068336,58,19,0,213,58.23,0,3006,1452,52.0442930153322,51.9307211811471,49.5708154506438,49.7854077253219,3,"RAP Amazonia"
"215",66045,"Apía","Risaralda","Eje Cafetero",0,25.8579864501953,64.7233123075538,62.7228032458505,0,-0.757097919087645,23,8,0,46,0,0,9445,4791,47.7054794520548,47.9223744292237,45.3423120089787,45.4545454545455,3,"RAP Eje Cafetero"
"216",85225,"Nunchía","Casanare","Piedemonte Llanero",0,72.6173706054688,58.7357450789953,67.9705841846805,0,0.366270307575261,13,46,0,110,0,0,6024,4422,53.139306736429,53.139306736429,62.3137876386688,62.3137876386688,3,"RAP Llanos"
"217",25398,"La Peña","Cundinamarca","Noroccidente De Cundinamarca",0,61.8374977111816,62.3265419596595,60.3417544091655,0,-0.201177221861409,31,2,0,73,0,0,5193,3887,48.375325803649,48.5490877497828,0,0,3,"RAP (E) Central"
"218",5380,"La Estrella","Antioquia","Valle De Aburra",0,14.3695344924927,79.5678288569127,73.5751157864147,0,-0.70906641836431,7,5,0,219,0,0,62976,7680,49.3686980169171,49.4728849176217,0,0,4,"RAP del Agua y la Montaña"
"219",15425,"Macanal","Boyacá","Altiplano Cundiboyacense",0,34.9387626647949,61.4692130845955,64.816805741847,0,-0.606921388750731,0,2,0,30,0,0,3908,2846,45.5218617771509,45.5923836389281,49.4858611825193,49.4858611825193,2,"RAP (E) Central"
"220",25402,"La Vega","Cundinamarca","Noroccidente De Cundinamarca",0,29.473913192749,62.9374153720487,72.5343627162924,0,-0.840109536878059,0,11,0,16,0,0,15180,8290,51.8705931148901,52.0116134384073,49.8245614035088,50.1754385964912,3,"RAP (E) Central"
"221",25407,"Lenguazaque","Cundinamarca","Altiplano Cundiboyacense",0,29.7763690948486,64.9558530642982,59.7747291895872,0,-1.02300756968656,NA,NA,NA,NA,0,0,7943,5020,48.5027353872732,48.5747192628851,0,0,2,"RAP (E) Central"
"222",25426,"Machetá","Cundinamarca","Altiplano Cundiboyacense",0,41.9727401733398,62.6900167778976,62.4566465902631,0,0.634398578518216,18,66,0,12,0,0,5320,3531,40.1551891367604,40.1390236016812,0,0,2,"RAP (E) Central"
"223",66075,"Balboa","Risaralda","Eje Cafetero",0,28.6742362976074,70.5671515161781,65.9182019805094,0,-0.806114988020608,1,4,0,28,0,0,4833,3487,47.2442839951865,47.0998796630566,45.8868894601542,46.2082262210797,2,"RAP Eje Cafetero"
"224",68264,"Encino","Santander","Provincia De Guanenta",0,43.3137626647949,64.2008046205826,60.0957683165432,0,-0.960872190499495,3,0,0,8,0,0,1798,1344,48.015873015873,48.015873015873,56.2189054726368,56.2189054726368,1,"RAP Gran Santander"
"225",68266,"Enciso","Santander","Provincia De Garcia Rovira",0,54.464786529541,67.0480744941821,60.6321266333313,0,-0.844615093227795,2,0,0,21,0,0,2631,1860,50.3415026114906,50.3415026114906,62.2971285892634,62.2971285892634,1,"RAP Gran Santander"
"226",73168,"Chaparral","Tolima","Sur Del Tolima",1,50.7554397583008,61.3359655549846,61.8860136202483,2,0.542562353650759,127,45,0,503,0,0,35110,14023,39.8538987868972,39.7679568968367,38.1151832460733,38.3362420011635,5,"RAP (E) Central"
"227",15442,"Maripí","Boyacá","Altiplano Cundiboyacense",0,60.6483039855957,69.1332473286454,58.9280481064822,0,-0.790184075221919,4,0,0,27,0,0,4138,3444,44.9618736383442,45.016339869281,39.2490118577075,39.2885375494071,1,"RAP (E) Central"
"228",27025,"Alto Baudó","Chocó","Litoral Pacifico",0,98.6627197265625,59.2016197958229,50.6472273157093,58,-0.643248111760428,7,52,0,62,115.75,0,16811,14874,31.1121764141898,31.3518696069032,61.5114676024564,64.4566988344404,1,"RAP Pacífico"
"229",5318,"Guarne","Antioquia","Oriente Antioqueño",0,26.2944850921631,78.6786810805209,71.3660249659074,0,-0.171522718851607,21,33,0,452,0,0,47064,28875,53.7876533412691,53.4834507158681,54.2439914815942,54.0918770915729,4,"RAP del Agua y la Montaña"
"230",15455,"Miraflores","Boyacá","Altiplano Cundiboyacense",0,26.5365467071533,68.866275850553,70.9020059729761,0,-0.384036707840229,7,25,0,32,0,0,6944,2642,54.5686300818462,54.5820474976519,64.1509433962264,64.1509433962264,1,"RAP (E) Central"
"231",66088,"Belén de Umbría","Risaralda","Eje Cafetero",0,28.8561401367188,68.2900340506132,59.6427953956594,0,-0.31707363513184,33,21,0,240,0,0,18778,8290,44.3091939193358,44.3765075447355,48.6394557823129,48.6132914704343,5,"RAP Eje Cafetero"
"232",52079,"Barbacoas","Nariño","Triángulo de Telembí",1,85.6397018432617,53.5022070518413,63.0413796433555,14,1.35961924329333,116,72,6,477,3463.17,1187.03,33158,25439,34.5987993574026,34.395873847975,39.3398559294699,39.8774325341361,3,"RAP Pacífico"
"233",27050,"Atrato","Chocó","Atrato",0,79.8966522216797,54.7358795739046,54.7013939841756,0,-0.477363791363059,5,29,0,4,0,1049.44,4196,2314,41.2046370967742,45.5141129032258,52.4552642530171,53.1002913025385,4,"RAP Pacífico"
"234",76109,"Buenaventura","Valle del Cauca","Anden Pacifico Sur",1,34.0456199645996,55.6556996903121,63.5519109124272,93,0.861105331779779,172,107,3,2576,1273.69,563.5,193425,38597,44.6569492625728,44.4758890714706,48.1549374352435,47.6886905236311,6,"RAP Pacífico"
"235",15464,"Mongua","Boyacá","Altiplano Cundiboyacense",0,47.6418724060059,65.2402378428133,58.336656893456,0,-0.762647515142078,10,0,1,7,0,0,3276,1791,56.2609713282621,55.8806319485079,61.5254237288136,61.5254237288136,1,"RAP (E) Central"
"236",25430,"Madrid","Cundinamarca","Altiplano Cundiboyacense",0,18.0585041046143,74.9837065570031,75.2875560785266,0,-0.996682743031468,0,5,0,20,0,0,101259,4326,55.8247541012555,55.8017976655071,53.4994503481129,53.4994503481129,3,"RAP (E) Central"
"237",8849,"Usiacurí","Atlántico","Occidente De Atlantico",0,44.5519599914551,61.7103996196698,56.7929372963757,0,-0.925523058529091,0,0,0,9,0,0,9818,660,83.1373050370749,83.0605983124521,0,0,5,"RAP Caribe"
"238",95200,"Miraflores","Guaviare","Ariari Guayabero",1,65.9578094482422,65.08200746201,49.3694331931743,3,4.80405226655765,64,164,27,333,1297.25,0,4598,3101,29.7938545313108,29.7938545313108,41.9602818705958,42.6649583600256,1,"RAP Amazonia"
"239",17380,"La Dorada","Caldas","Magdalena Medio",0,26.4564533233643,74.0688526309727,69.4285577912303,1,0.0983685495635156,15,35,0,1347,0,2.72,55791,6521,46.4829212572313,46.4663399535724,53.5375191424196,53.6600306278714,4,"RAP Eje Cafetero"
"240",68271,"Florián","Santander","Provincia De Velez",0,53.0770378112793,61.97661402379,71.7020139853746,0,-0.558740587302281,12,2,2,33,0,0,4046,2955,39.6586345381526,39.6586345381526,48.6832204665162,48.6832204665162,2,"RAP Gran Santander"
"241",25438,"Medina","Cundinamarca","Piedemonte Llanero",0,50.5316619873047,68.2466910400471,61.4655683756676,0,0.731977617244777,73,29,0,145,0,0,6209,2436,48.1235340109461,48.1235340109461,54.4359255202629,54.4359255202629,4,"RAP (E) Central"
"242",70110,"Buenavista","Sucre","Morrosquillo Y Sabanas De Sucre",0,63.5171737670898,56.9383161893286,58.2538767046828,0,-0.919419539491345,0,7,0,19,0,0,7762,1579,58.1738768718802,58.1114808652246,55.5873925501433,55.5873925501433,3,"RAP Caribe"
"243",68276,"Floridablanca","Santander","Provincia De Soto",0,12.999532699585,68.33733464887,69.8945804313889,2,-1.02891970916245,8,17,0,193,0,0,241910,8742,56.2437084074721,56.2964897674899,51.0029498525074,51.0914454277286,5,"RAP Gran Santander"
"244",68296,"Galán","Santander","Serrania De Los Yariguies",0,45.7716369628906,63.9156445666318,60.7289618975758,0,-0.432101786388582,6,8,0,13,0,0,2155,1459,42.3876592890677,42.3205902079142,55.2023121387283,55.3949903660886,2,"RAP Gran Santander"
"245",15466,"Monguí","Boyacá","Altiplano Cundiboyacense",0,25.8956623077393,55.0836887303579,56.3313804293382,0,-0.995981298212224,NA,NA,NA,NA,0,0,3070,1268,47.5580464371497,47.5046704029891,0,0,2,"RAP (E) Central"
"246",15469,"Moniquirá","Boyacá","Altiplano Cundiboyacense",0,33.8577117919922,64.6514154930058,63.4165091937309,0,-0.815043217169395,9,4,0,35,0,0,17471,7980,49.5501893939394,49.5797821969697,41.4634146341463,41.4634146341463,4,"RAP (E) Central"
"247",15476,"Motavita","Boyacá","Altiplano Cundiboyacense",0,37.9889678955078,55.3917092491902,58.6698380593462,0,-0.965107964436409,0,1,0,1,0,0,3841,3178,57.5839920948617,57.5345849802372,57.5949367088608,57.5949367088608,2,"RAP (E) Central"
"248",50330,"Mesetas","Meta","Ariari Guayabero",1,82.533317565918,64.5495602681268,58.8568636466427,12,4.0901185752818,273,62,0,471,0,0,7197,4185,38.2937969647856,38.2348607632238,37.4446552814674,37.4446552814674,2,"RAP (E) Central"
"249",68092,"Betulia","Santander","Magdalena Medio",0,40.9808349609375,57.7107296945278,63.6983549760462,0,-0.0100938413307892,19,6,0,85,0,0,4285,3089,43.8038793103448,43.8577586206897,51.6461721539072,51.6461721539072,3,"RAP Gran Santander"
"250",15480,"Muzo","Boyacá","Altiplano Cundiboyacense",0,43.2183074951172,54.8640148403989,60.229722581695,0,-0.331829867175255,1,0,0,126,0,0,6209,2142,51.6065474386178,51.5913913307063,52.5801952580195,52.7196652719665,1,"RAP (E) Central"
"251",27073,"Bagadó","Chocó","Atrato",0,69.2323379516602,49.4234587262114,54.3868714816697,10,2.39492672127657,25,76,16,72,0,287.68,6314,4845,38.7987835783071,39.6857577293462,59.8414179104478,55.0839552238806,1,"RAP Pacífico"
"252",68307,"Girón","Santander","Provincia De Soto",0,18.9403800964355,64.9312527072564,71.9167380773944,1,-0.673060622844946,44,15,0,330,0,0,129964,13818,52.3786856060245,52.4015346972971,55.2079154967242,55.1945447252306,9,"RAP Gran Santander"
"253",15491,"Nobsa","Boyacá","Altiplano Cundiboyacense",0,12.3584032058716,65.9138430642068,84.9720620641625,0,-0.875977895105175,0,11,0,3,0,0,12207,7802,62.2350674373796,62.2046445593753,66.4569215876089,66.5053242981607,3,"RAP (E) Central"
"254",68318,"Guaca","Santander","Provincia De Garcia Rovira",0,49.8543434143066,54.2937227008121,55.6369761139175,0,-0.389551855074893,18,7,3,25,0,0,4327,3026,52.4381095273818,52.4006001500375,53.8080731150038,53.8080731150038,2,"RAP Gran Santander"
"255",15494,"Nuevo Colón","Boyacá","Altiplano Cundiboyacense",0,31.2071552276611,60.6844593042926,63.2600576956807,0,-0.987806219059389,0,0,0,1,0,0,3829,2966,46.3968837913871,46.3752434537979,0,0,2,"RAP (E) Central"
"256",17388,"La Merced","Caldas","Eje Cafetero",0,32.6557350158691,68.0930021804928,58.0153848406863,0,-0.058938339674533,1,3,0,110,0,0,4636,2619,52.9616724738676,52.9616724738676,58.5120949338202,58.5120949338202,1,"RAP Eje Cafetero"
"257",85015,"Chameza","Casanare","Piedemonte Llanero",0,33.8854827880859,47.7936962616416,63.9096682396693,0,8.48989302814432,52,93,1,81,0,0,1835,735,70.4448507007922,70.4448507007922,0,0,1,"RAP Llanos"
"258",25473,"Mosquera","Cundinamarca","Altiplano Cundiboyacense",0,32.9976768493652,76.9989061162649,78.2735056929904,0,-0.997951303103749,1,5,0,10,0,0,121395,1303,55.7161712023129,55.7381685626296,0,0,6,"RAP (E) Central"
"259",63111,"Buenavista","Quindío","Eje Cafetero",0,25.6732368469238,62.4962703867948,57.3979820930253,0,-0.992005943275166,2,0,0,7,0,0,2348,1329,48.986083499006,48.9065606361829,50.7418397626113,50.7418397626113,1,"RAP Eje Cafetero"
"260",17001,"Manizales","Caldas","Eje Cafetero",0,12.3672313690186,72.0212782623589,69.5188425862139,2,-0.833241117057984,12,37,0,441,0,0,367059,17901,55.0449280069287,55.1102025740468,47.7605603905753,48.0294346564777,18,"RAP Eje Cafetero"
"261",17433,"Manzanares","Caldas","Eje Cafetero",0,32.1796684265137,70.3940941350478,59.2770750856046,0,-0.593386537080468,2,4,0,174,0,0,13445,5013,46.2894659191502,46.2673354971968,54.871546291808,54.7746000969462,3,"RAP Eje Cafetero"
"262",85230,"Orocué","Casanare","Llanos Orientales",0,66.4955902099609,60.9249117958454,73.9175855229197,0,-0.455210605309601,58,4,0,31,0,0,7938,3985,48.8368256063356,48.8863223890447,54.4592030360531,54.7122074636306,3,"RAP Llanos"
"263",25486,"Nemocón","Cundinamarca","Altiplano Cundiboyacense",0,26.65744972229,64.2185504493532,63.7600828827546,0,-0.629214421698376,4,1,4,0,0,0,10743,4634,55.1361068310221,55.1489470980996,53.3028122956181,53.3028122956181,2,"RAP (E) Central"
"264",13042,"Arenal","Bolívar","Magdalena Medio",1,73.8560638427734,50.1330884789084,53.4103526729291,8,-0.431551753272874,10,20,0,104,104.58,46.04,5119,2122,46.1799276672694,47.9656419529837,63.536316947909,63.0961115187087,3,"RAP Caribe"
"265",95025,"El Retorno","Guaviare","Ariari Guayabero",1,95.7748947143555,67.3233211049234,58.9366989214531,17,1.26373950488117,103,42,3,464,1648.79,0,8807,6174,57.9574468085106,58.2127659574468,65.684029765312,65.6554092730395,4,"RAP Amazonia"
"266",41013,"Agrado","Huila","Sur Del Huila",0,46.6336326599121,59.7543611778369,57.2732532283476,0,-0.98872751141691,0,1,0,10,0,0,6061,2094,53.3818493150685,53.3818493150685,0,0,2,"RAP (E) Central"
"267",5306,"Giraldo","Antioquia","Occidente Antioqueño",0,46.8232192993164,62.2325890716693,58.1141560929189,0,0.177020928125148,4,14,0,49,0,0,4125,2356,57.7647422043841,57.7029947514665,51.152579582876,51.152579582876,2,"RAP del Agua y la Montaña"
"268",68320,"Guadalupe","Santander","Provincia Comunera",0,29.9631614685059,67.9408174603448,63.5398923396196,0,-1.04448432950466,1,1,0,7,0,0,3410,1980,44.5810055865922,44.5530726256983,48.1818181818182,48.0519480519481,3,"RAP Gran Santander"
"269",54128,"Cachirá","Norte de Santander","Provincia De Ricaurte",0,54.1658744812012,59.74081472859,53.6274673152591,0,1.05707261252981,48,28,4,221,0,0,7703,6188,48.2408414943779,48.2045701849837,50.2136752136752,50.2849002849003,2,"RAP Gran Santander"
"270",17442,"Marmato","Caldas","Eje Cafetero",0,36.4382247924805,66.7244576579693,62.7040229226957,0,-0.645429298041217,8,4,0,39,0,0,6412,5297,31.5764705882353,31.6235294117647,36.1151679532652,36.1568954725642,1,"RAP Eje Cafetero"
"271",66170,"Dosquebradas","Risaralda","Eje Cafetero",0,16.2202262878418,68.7680264938097,68.5587703795462,1,-1.09171062429156,0,4,0,146,0,0,179352,7524,51.3741294815579,51.4856848078411,49.49924887331,49.7245868803205,8,"RAP Eje Cafetero"
"272",15507,"Otanche","Boyacá","Altiplano Cundiboyacense",0,51.0889511108398,59.540008102903,66.0486464353035,0,-0.465804532101613,7,2,0,92,0,0,5656,3028,43.5720097640358,43.5516680227827,52.0320197044335,52.0320197044335,3,"RAP (E) Central"
"273",25488,"Nilo","Cundinamarca","Suroccidente De Cundinamarca",0,31.4997062683105,77.4934875830695,73.6838770566539,0,-0.966856473242247,0,2,0,12,0,0,10407,7200,43.8565022421525,43.8340807174888,44.4444444444444,44.4444444444444,2,"RAP (E) Central"
"274",52083,"Belén","Nariño","Norte De Nariño",0,37.6755104064941,65.7206165047936,59.0900720421602,0,-0.968701159933363,0,3,0,8,0,0,4979,2439,61.7647058823529,61.7888138862102,57.8187650360866,57.738572574178,2,"RAP Pacífico"
"275",5652,"San Francisco","Antioquia","Oriente Antioqueño",0,65.5064849853516,68.5625438119418,59.9455164570458,0,10.9556921056753,203,195,19,419,30.62,0,4087,2037,36.4101514531314,36.348751534998,42.2897196261682,42.3676012461059,1,"RAP del Agua y la Montaña"
"276",15511,"Pachavita","Boyacá","Altiplano Cundiboyacense",0,40.4284858703613,60.7109206125439,60.3724541460796,0,-0.787369149460954,3,3,0,3,0,0,1945,1476,52.0040588533739,52.0040588533739,0,0,2,"RAP (E) Central"
"277",68322,"Guapotá","Santander","Provincia Comunera",0,24.3336505889893,69.7847877526733,60.6051389276658,0,-1.07266886846032,0,0,0,3,0,0,1802,1223,54.136690647482,54.0767386091127,70.7692307692308,70.7692307692308,1,"RAP Gran Santander"
"278",86219,"Colón","Putumayo","Alto Putumayo",0,44.9692611694336,66.321260397086,55.6346245087123,0,-0.9766030279158,6,3,0,8,0,0,4183,1492,64.1304347826087,64.1304347826087,76.3349514563107,76.3349514563107,2,"RAP Amazonia"
"279",5313,"Granada","Antioquia","Oriente Antioqueño",0,36.3480339050293,75.812170872051,55.5128710313628,2,5.73662549170291,171,87,0,775,0,0,6965,2899,39.7561731583841,39.7355098667218,32.7188940092166,32.8725038402458,2,"RAP del Agua y la Montaña"
"280",17444,"Marquetalia","Caldas","Eje Cafetero",0,30.9562759399414,69.2551175604995,59.6109592046313,0,-0.270241561993108,7,10,0,168,0,0,9931,4618,46.5244644026569,46.328000748433,52.6984126984127,53.2275132275132,1,"RAP Eje Cafetero"
"281",15514,"Páez","Boyacá","Oriente De Boyaca",0,39.3947448730469,57.9768016147884,69.7942112740274,0,0.801687737723114,14,28,0,31,0,0,2377,1299,58.4914841849148,58.3941605839416,63.6627906976744,63.6627906976744,3,"RAP (E) Central"
"282",25489,"Nimaima","Cundinamarca","Noroccidente De Cundinamarca",0,47.137622833252,65.401566468582,60.7232589773851,0,-0.772494739025104,6,0,0,22,0,0,3226,2328,54.9602122015915,54.9602122015915,50,50,1,"RAP (E) Central"
"283",25491,"Nocaima","Cundinamarca","Noroccidente De Cundinamarca",0,48.2058525085449,66.7562121866502,62.853026852659,1,-0.707468148364973,4,1,2,14,0,0,5510,3322,48.849252013809,48.9067894131185,0,0,2,"RAP (E) Central"
"284",25245,"El Colegio","Cundinamarca","Suroccidente De Cundinamarca",0,26.0643005371094,69.4510405385068,67.6925693265331,0,-0.556914671096261,6,24,0,97,0,0,22006,11206,46.7016217534447,46.6772344835996,52.6593075765178,52.6843953838435,3,"RAP (E) Central"
"285",70124,"Caimito","Sucre","San Jorge (Cesar)",0,74.5132675170898,52.47438212969,60.343993947372,0,-0.652867763613659,6,7,2,39,0,0,11173,8549,66.0557768924303,66.0358565737052,76.1355443403028,76.1355443403028,3,"RAP Caribe"
"286",76113,"Bugalagrande","Valle del Cauca","Centro Del Valle",0,24.7081394195557,63.4172713617445,69.3274040190233,3,-0.523873767652611,11,12,0,195,0,0,18391,8208,49.6659443842542,49.7742867461177,50.053692876745,49.9224436224794,3,"RAP Pacífico"
"287",25513,"Pacho","Cundinamarca","Noroccidente De Cundinamarca",0,27.7084083557129,76.3585555196516,68.5329801970297,0,-0.804057532794863,10,8,0,47,0,0,20933,8691,46.6280738211865,46.6676562268072,45.9905660377358,45.9905660377358,7,"RAP (E) Central"
"288",25518,"Paime","Cundinamarca","Noroccidente De Cundinamarca",0,58.6753196716309,54.4951416895841,59.8004751306523,0,-0.524690071380757,12,2,0,34,0,0,3449,2747,43.0866807610994,43.0443974630021,53.7562604340568,54.0484140233723,1,"RAP (E) Central"
"289",25524,"Pandi","Cundinamarca","Sumapaz",0,37.8128852844238,67.9520120881687,60.8210722205421,0,-0.661187565808984,5,8,0,11,0,0,4305,2965,46.9114785992218,46.7412451361868,0,0,1,"RAP (E) Central"
"290",25258,"El Peñón","Cundinamarca","Noroccidente De Cundinamarca",0,61.6975173950195,65.1329068103469,56.8869222044052,0,0.172228566073942,10,7,0,87,0,0,3860,3104,45.3200275292498,45.4576737783895,45.343303874915,45.4112848402447,1,"RAP (E) Central"
"291",15516,"Paipa","Boyacá","Altiplano Cundiboyacense",0,18.9068794250488,70.7872216319545,72.9370998284495,0,-0.961043349524224,0,4,0,8,0,0,25994,9531,55.6140131111946,55.6140131111946,66.7668269230769,66.8269230769231,5,"RAP (E) Central"
"292",76122,"Caicedonia","Valle del Cauca","Centro Del Valle",0,22.6655178070068,76.928017322023,61.9567041606273,0,-0.489361254865758,2,15,1,293,0,0,21637,3430,43.6091167139756,43.6174653531474,37.1228070175439,36.6549707602339,3,"RAP Pacífico"
"293",17446,"Marulanda","Caldas","Eje Cafetero",0,27.2608261108398,64.5212838852167,58.0261240629299,0,0.22756312918145,12,7,4,33,0,0,1892,1165,50.392464678179,50.392464678179,47.7668433005299,47.9939439818319,2,"RAP Eje Cafetero"
"294",85136,"La Salina","Casanare","Piedemonte Llanero",0,70.7397232055664,48.074539462096,59.8980843038918,0,-0.502105313781104,16,1,0,12,0,0,860,422,62.1039290240811,62.1039290240811,0,0,2,"RAP Llanos"
"295",54125,"Cácota","Norte de Santander","Suroccidente De Norte De Santander",0,46.092399597168,66.208882032499,58.7472127148105,0,-0.485579562294414,16,6,0,5,0,0,2095,1342,60.3046168491195,60.3046168491195,50.5376344086022,50.5376344086022,2,"RAP Gran Santander"
"296",18094,"Belén de Los Andaquies","Caquetá","Florencia Y Area De Influencia",1,49.067211151123,60.300498654776,55.0338396796235,1,1.40409742570324,45,42,1,313,13.27,0,7361,2428,44.4314337756961,44.4704657819412,0,0,1,"RAP Amazonia"
"297",68327,"Güepsa","Santander","Provincia De Velez",0,38.8061141967773,67.4360961530472,61.0890182806986,0,-0.647342357804363,1,3,0,34,0,0,4054,1498,44.964200477327,44.964200477327,0,0,2,"RAP Gran Santander"
"298",68344,"Hato","Santander","Serrania De Los Yariguies",0,50.1351013183594,67.2576589905664,60.7150034124194,0,-0.643265388978724,1,1,0,20,0,0,1744,1186,48.2432432432432,48.2432432432432,61.455525606469,61.455525606469,1,"RAP Gran Santander"
"299",47170,"Chivolo","Magdalena","Cienaga Grande De Santa Marta",0,70.6174774169922,50.516336802013,55.8283012287624,0,0.159629661816709,21,9,0,314,0,0,15651,6173,60.15625,59.6643518518519,60.8019357068787,59.9032146560664,2,"RAP Caribe"
"300",73200,"Coello","Tolima","Norte Del Tolima",0,49.1367263793945,68.9466976841042,67.5013595554153,0,-0.787779379376244,17,5,0,27,0,0,6147,4941,47.3454301075269,47.1102150537634,53.5657370517928,53.5458167330677,2,"RAP (E) Central"
"301",25535,"Pasca","Cundinamarca","Sumapaz",0,30.6824359893799,65.4217049451133,62.7263668009288,0,-0.392093675775461,23,7,3,22,0,0,7557,4664,46.4392268776754,46.4392268776754,0,0,4,"RAP (E) Central"
"302",50577,"Puerto Lleras","Meta","Ariari Guayabero",1,63.3180885314941,76.5115558216628,67.2193053840512,11,7.78937589159433,231,50,48,429,0,0,7027,4312,40.2672989868506,40.3104117266652,48.21133736929,48.1012658227848,1,"RAP (E) Central"
"303",13440,"Margarita","Bolívar","Sur De Bolivar",0,77.9710464477539,45.6674636596015,50.584640025314,0,-0.731661060762021,0,1,0,45,0,0,7777,6585,40.7723577235772,40.7317073170732,58.3262290423416,58.2978118783745,1,"RAP Caribe"
"304",18150,"Cartagena del Chairá","Caquetá","Caguan",1,65.9082641601562,51.4065339864123,65.8374536135803,12,2.94102130526016,268,141,5,440,304.36,0,19269,8340,25.5075580292202,25.5391815824426,18.3308042488619,18.3308042488619,3,"RAP Amazonia"
"305",13667,"San Martín de Loba","Bolívar","Sur De Bolivar",0,73.0334243774414,52.2501405383987,52.4214883225746,2,1.25045335461522,31,26,16,104,2.45,309.54,9645,5031,51.9865122416068,51.9278698138103,60.0434572670208,60.1158860453887,1,"RAP Caribe"
"306",25572,"Puerto Salgar","Cundinamarca","Magdalena Medio",0,31.1515369415283,59.6666401978842,69.5446448263232,0,-0.620381408350828,4,6,0,109,0,0,13513,3013,40.5015197568389,40.4930766632894,47.1080669710807,47.4885844748858,2,"RAP (E) Central"
"307",68370,"Jordán","Santander","Provincia De Guanenta",0,59.8260765075684,59.0457661544249,57.7982288009678,0,-1.13980967222674,NA,NA,NA,NA,0,0,952,835,61.0714285714286,61.0714285714286,61.875,61.875,1,"RAP Gran Santander"
"308",41026,"Altamira","Huila","Sur Del Huila",0,28.3325462341309,65.5662187681125,62.8933503063183,0,-0.468915747053742,3,5,0,28,0,0,3251,1458,47.910592808552,48.2021379980564,0,0,3,"RAP (E) Central"
"309",86573,"Leguízamo","Putumayo","Bajo Putumayo",1,62.2866706848145,54.1289873783031,57.9654585841426,33,1.44986615484259,133,72,0,274,1924.43,0,18773,9543,36.6849960722702,36.641354630357,32.9663608562691,32.8746177370031,2,"RAP Amazonia"
"310",25580,"Pulí","Cundinamarca","Altiplano Cundiboyacense",0,48.2264938354492,57.6235107419873,61.2957643519789,0,-0.0572481895733798,18,2,0,42,0,0,2791,1972,41.3778162911612,41.1178509532062,52.4953789279113,52.6802218114603,2,"RAP (E) Central"
"311",68377,"La Belleza","Santander","Provincia De Velez",0,39.3147926330566,58.6649900549482,65.9682133648436,0,-0.667256517808506,20,6,0,35,0,0,4546,3073,48.0940594059406,48.019801980198,55.6139198949442,55.6795797767564,3,"RAP Gran Santander"
"312",68397,"La Paz","Santander","Provincia De Velez",0,39.9450454711914,45.6531911849637,59.5838985945342,0,-0.379293947978168,6,4,0,66,0,0,3808,3078,38.7111311401532,38.7111311401532,49.9744506898314,49.8211548288196,3,"RAP Gran Santander"
"313",76126,"Calima","Valle del Cauca","Centro Del Valle",0,25.0476512908936,51.1531857908632,65.2346533313032,0,-0.482235532910439,11,23,0,114,45.1,9.16,13571,4776,40.49008168028,40.5095293660054,40.5363186670138,40.5883884405103,2,"RAP Pacífico"
"314",63212,"Córdoba","Quindío","Eje Cafetero",0,26.1835689544678,69.3642130684442,58.9498954208416,0,-0.645325024390924,19,2,0,29,0,0,4397,1697,54.2503863987635,54.5401854714065,0,0,2,"RAP Eje Cafetero"
"315",86001,"Mocoa","Putumayo","Medio Putumayo",0,42.4528884887695,56.4668836084617,55.5855202440787,6,-0.0111473306684828,75,50,0,301,44.97,69.74,44419,12991,52.7774419729207,52.9829545454545,61.2678192296027,61.2678192296027,6,"RAP Amazonia"
"316",81220,"Cravo Norte","Arauca","Llanos Orientales",0,55.6058120727539,64.7044284116997,64.5260600906657,5,1.74772762970855,31,15,4,114,0,0,2980,949,51.6014234875445,51.683547768957,0,0,3,"RAP Llanos"
"317",20032,"Astrea","Cesar","Serrania Del Perija",0,70.4952774047852,53.5864543907705,60.2786606347169,0,-0.522774206268428,1,9,0,149,0,0,13800,6279,49.955595026643,49.9378330373002,58.4452975047985,58.4133077415227,3,"RAP Caribe"
"318",5145,"Caramanta","Antioquia","Suroeste Antioqueño",0,31.2127857208252,67.5368815603137,55.6938423266413,0,0.121900581724714,16,4,1,82,0,0,3756,1756,33.7721518987342,33.7721518987342,36.1788617886179,36.1788617886179,3,"RAP del Agua y la Montaña"
"319",15518,"Pajarito","Boyacá","Oriente De Boyaca",0,41.8007583618164,58.9419353488262,58.5473240767336,4,2.78762386841614,61,15,10,50,0,0,1742,975,43.7025796661609,43.7025796661609,44.5623342175066,44.5623342175066,2,"RAP (E) Central"
"320",25592,"Quebradanegra","Cundinamarca","Noroccidente De Cundinamarca",0,44.689769744873,67.180010844982,61.9926649610668,0,-0.417028727184182,3,1,0,51,0,0,4150,3423,57.8080229226361,57.8080229226361,62.5804010594022,62.7695800227015,1,"RAP (E) Central"
"321",68160,"Cepitá","Santander","Provincia De Guanenta",0,69.3509902954102,56.8004692347384,57.7006374623893,0,-0.646431721288147,1,4,0,8,0,0,1501,1012,54.4423440453686,54.4423440453686,68.5534591194968,68.5534591194968,2,"RAP Gran Santander"
"322",76130,"Candelaria","Valle del Cauca","Sur Del Valle",0,20.5480937957764,74.495251051088,70.2434777366323,1,-0.433896295186472,3,24,7,69,0,0,67822,48413,45.4839135021097,45.5069883966245,54.3943168644089,54.3992501418317,1,"RAP Pacífico"
"323",76147,"Cartago","Valle del Cauca","Norte Del Valle",0,18.2332000732422,76.3275709504972,63.9690655643658,2,-1.01786727034475,2,7,0,302,0,0,105501,3333,44.5564233924022,44.5928165504885,42.6453243470935,42.7801179443976,7,"RAP Pacífico"
"324",63272,"Filandia","Quindío","Eje Cafetero",0,23.2424659729004,78.8583707757891,64.3124978502183,0,-1.06018067880123,1,2,0,9,0,0,9872,4110,50.4406210658833,50.9022240872849,55.5882352941176,55.1960784313725,4,"RAP Eje Cafetero"
"325",15215,"Corrales","Boyacá","Altiplano Cundiboyacense",0,30.761604309082,69.4241872516643,61.5405395848553,0,-0.817414265056071,0,2,0,3,0,0,1941,677,56.2053571428571,56.0714285714286,0,0,3,"RAP (E) Central"
"326",44090,"Dibulla","La Guajira","Sierra Nevada De Santa Marta",1,72.9658584594727,60.0306989615149,64.8762009971663,3,0.347010473575666,34,37,0,530,0,1.91,26656,22579,43.4994319104042,43.515663041714,47.9803144573693,48.0186629170395,2,"RAP Caribe"
"327",13268,"El Peñón","Bolívar","Sur De Bolivar",0,72.8620300292969,48.2801917547564,50.8046999674633,0,-0.854405106641126,0,1,0,16,0,0,5233,3292,53.1887755102041,53.156887755102,63.1665569453588,63.0019749835418,2,"RAP Caribe"
"328",15531,"Pauna","Boyacá","Altiplano Cundiboyacense",0,55.1392288208008,65.5475385895922,59.2075582997073,0,-0.461761448943283,33,0,0,56,0,0,5455,3693,45.3914919852035,45.3914919852035,40.9638554216867,40.9638554216867,4,"RAP (E) Central"
"329",66318,"Guática","Risaralda","Eje Cafetero",0,27.3970508575439,71.0575954216407,56.7619316740638,1,0.20004098747032,36,45,1,161,0,0,9280,6116,48.2238010657194,48.238602723505,48.3826754385965,48.3826754385965,3,"RAP Eje Cafetero"
"330",95001,"San José del Guaviare","Guaviare","Ariari Guayabero",1,61.5070343017578,75.9346777103531,64.8941968509016,53,3.13277578292237,335,155,0,1546,1286.59,0,38398,9927,54.6854253185298,54.6628245331525,65.7063197026022,65.7527881040892,3,"RAP Amazonia"
"331",25288,"Fúquene","Cundinamarca","Altiplano Cundiboyacense",0,25.0054512023926,64.3356960801654,63.6163541782777,0,-0.993414403948596,0,1,0,0,0,0,4119,3610,43.8749359302922,43.8236801640185,48,48,1,"RAP (E) Central"
"332",13650,"San Fernando","Bolívar","Sur De Bolivar",0,75.5569534301758,49.1013833007099,47.8604014882821,0,-0.952123537508698,0,1,0,7,0,0,8645,7205,44.2493415276558,44.8200175592625,63.6482724742099,63.369903389553,2,"RAP Caribe"
"333",25596,"Quipile","Cundinamarca","Altiplano Cundiboyacense",0,48.6548843383789,64.4467394615706,59.9546083812367,0,-0.29900749284105,21,6,0,72,0,0,5447,4433,44.3953268077044,44.426902431323,47.9223433242507,47.7520435967302,2,"RAP (E) Central"
"334",15533,"Paya","Boyacá","Altiplano Cundiboyacense",0,85.4941177368164,58.1036391196146,60.3802006707103,1,-0.370723915894202,12,0,0,27,0,0,1721,1284,66.9222343921139,66.9222343921139,58.4905660377358,58.4905660377358,1,"RAP (E) Central"
"335",19022,"Almaguer","Cauca","Macizo Colombiano",0,78.8907241821289,51.2996427469287,59.8012619062533,1,-0.13634465972259,19,19,5,61,0,0,13844,13068,36.3880288957688,36.3880288957688,43.0280421919218,42.9379984563931,2,"RAP Pacífico"
"336",73217,"Coyaima","Tolima","Sur Del Tolima",0,85.9256210327148,59.0219982855261,56.1901620030435,1,-0.504434237393076,25,6,0,231,0,2.33,15520,12447,36.8149995976503,36.8874225476784,48.6733001658375,48.6525704809287,1,"RAP (E) Central"
"337",76233,"Dagua","Valle del Cauca","Sur Del Valle",0,29.0941123962402,65.3644100117594,64.3037764239047,7,1.5538491120527,216,65,2,394,33.93,0,35633,26784,40.4551539491299,39.7054886211513,45.9058698234547,46.2745258673657,3,"RAP Pacífico"
"338",25612,"Ricaurte","Cundinamarca","Suroccidente De Cundinamarca",0,42.229621887207,73.3171135972511,76.0658218665176,0,-0.933991608607462,2,1,0,9,0,0,11656,4491,43.2901223297426,43.2444769034143,0,0,2,"RAP (E) Central"
"339",68385,"Landázuri","Santander","Magdalena Medio",0,55.3836059570312,56.8403972492208,60.5659002235283,0,0.100880429672338,87,3,0,156,0,0,7684,4930,44.2766151046406,44.2766151046406,50.5371210312724,50.5371210312724,2,"RAP Gran Santander"
"340",68406,"Lebríja","Santander","Provincia De Soto",0,29.3438491821289,70.1994405807817,70.9699796792674,0,0.397559294111903,106,35,0,381,0,0,32377,13378,52.8446787239844,52.8310460783423,51.9324796274738,51.9324796274738,3,"RAP Gran Santander"
"341",54172,"Chinácota","Norte de Santander","Suroriente De Norte De Santander",0,27.4434833526611,64.7105726858469,60.7855337807437,3,-0.682688344709278,2,17,0,74,0,0,13980,4802,60.6533101045296,60.6358885017422,55.7729941291585,55.7729941291585,3,"RAP Gran Santander"
"342",5664,"San Pedro","Antioquia","Norte De Antioquia",0,24.0077247619629,70.5726177371578,65.5243887905269,4,-0.0454793592358945,10,18,3,220,0,0,17451,6881,43.03528330077,43.0582691644639,37.3199476211261,37.1890004364906,3,"RAP del Agua y la Montaña"
"343",63302,"Génova","Quindío","Eje Cafetero",0,28.9625453948975,75.2333748203137,63.2468579883128,0,0.271070185672741,46,4,2,132,0,0,5865,2303,51.2946979038224,51.486505000685,30,30.9090909090909,3,"RAP Eje Cafetero"
"344",54174,"Chitagá","Norte de Santander","Suroccidente De Norte De Santander",0,51.3316497802734,66.4125174267942,59.074332163724,4,0.488679163984511,87,29,3,44,0,0,8644,5054,58.7140148250302,58.6795380106878,58.6444007858546,58.6444007858546,2,"RAP Gran Santander"
"345",13620,"San Cristóbal","Bolívar","Canal Del Dique",0,45.9609909057617,39.635509130289,48.9900715216608,0,-0.905688517370981,0,0,0,11,0,0,6100,1532,65.8087544617697,65.8839000563592,60.1374570446735,60.4810996563574,1,"RAP Caribe"
"346",52110,"Buesaco","Nariño","Norte De Nariño",0,55.3813438415527,60.971075060633,62.5975840639548,0,-0.867497432438623,12,14,0,19,0,0,18179,13175,52.7289266221953,52.8704265211239,63.9370932754881,63.9777657266811,4,"RAP Pacífico"
"347",68418,"Los Santos","Santander","Provincia De Soto",0,44.3215866088867,57.5514091507217,64.3875729543508,0,-1.13549306391914,0,0,0,1,0,0,10585,8859,55.3149171270718,55.2707182320442,58.0622009569378,58.0861244019139,2,"RAP Gran Santander"
"348",85250,"Paz de Ariporo","Casanare","Llanos Orientales",0,48.2835388183594,70.0952423510137,69.6545104500402,3,0.3372534398471,82,33,0,364,0,0,24915,7366,53.3733062650489,53.3780274774562,50.4659993096307,50.4659993096307,5,"RAP Llanos"
"349",15537,"Paz de Río","Boyacá","Altiplano Cundiboyacense",0,27.7806167602539,61.935460121346,60.7714948309982,0,-0.938586829624262,0,1,0,3,0,0,3196,1119,52.6605944391179,52.6605944391179,47.741935483871,47.741935483871,1,"RAP (E) Central"
"350",15542,"Pesca","Boyacá","Altiplano Cundiboyacense",0,45.2210807800293,60.3409740540477,60.2318593046455,0,-0.822137629533357,8,5,0,7,0,0,4749,2949,45.3679369250986,45.335085413929,48.3870967741936,48.3870967741936,3,"RAP (E) Central"
"351",15550,"Pisba","Boyacá","Altiplano Cundiboyacense",0,78.6087112426758,57.9338247857488,55.8244838601576,4,-0.40010903893184,18,1,0,10,0,0,1190,797,70.1171875,70.1171875,0,0,2,"RAP (E) Central"
"352",25293,"Gachala","Cundinamarca","Altiplano Cundiboyacense",0,35.0522117614746,53.9731095075831,65.4193048200432,0,-0.176366613140548,48,2,2,28,0,0,3643,2158,39.6271510516252,39.651051625239,43.9322671683913,43.9322671683913,1,"RAP (E) Central"
"353",76243,"El Águila","Valle del Cauca","Norte Del Valle",0,31.2737140655518,68.7980675442753,58.2396865730205,0,-0.743168043398102,1,10,0,58,0,0,6059,4160,43.6172934254285,43.6428754157073,42.178838274283,42.1547360809834,3,"RAP Pacífico"
"354",68176,"Chima","Santander","Serrania De Los Yariguies",0,45.2871284484863,64.9395792937799,60.0888889772539,0,-0.618037607547946,3,4,0,20,0,0,2130,1426,52.1083000443853,52.0639147802929,63.3986928104575,63.3986928104575,2,"RAP Gran Santander"
"355",5649,"San Carlos","Antioquia","Oriente Antioqueño",0,42.9218597412109,68.559893646682,62.2140607745547,1,5.93916027058312,162,98,1,1444,1.18,0,11800,5865,40.8111533586819,40.8292594604382,48.3135239318985,48.3135239318985,3,"RAP del Agua y la Montaña"
"356",15572,"Puerto Boyacá","Boyacá","Magdalena Medio",0,37.0288772583008,62.6682076960017,70.1535314951334,0,-0.246330737947834,4,16,0,706,17.95,0,34451,8938,51.8281375739127,51.8001469507715,49.447804364975,49.8422298185643,1,"RAP (E) Central"
"357",54206,"Convención","Norte de Santander","Catatumbo",1,50.2490501403809,50.7265258489673,55.7271088747416,45,1.80433147424799,78,88,0,400,2004.46,0,12672,7087,36.6992925671092,36.7186742901444,46.1368209255533,46.0764587525151,2,"RAP Gran Santander"
"358",50590,"Puerto Rico","Meta","Ariari Guayabero",1,89.7450866699219,69.2210379964902,61.2560521935409,7,2.87245121038021,194,88,0,608,745.97,0,8865,4462,41.0827150316021,41.0140148392415,44.7646493756004,44.7646493756004,3,"RAP (E) Central"
"359",85263,"Pore","Casanare","Llanos Orientales",0,55.4305038452148,67.6388145709652,69.0168685849422,2,0.11952008278125,20,12,2,116,0,0,7967,3116,57.161394971614,57.5182481751825,63.1868131868132,64.5604395604396,3,"RAP Llanos"
"360",66383,"La Celia","Risaralda","Eje Cafetero",0,33.7812767028809,64.8262493212883,57.6690998555098,0,-0.689734242814648,1,10,0,45,0,0,5790,3335,47.2871994801819,47.4496426250812,48.8311688311688,49.3506493506493,3,"RAP Eje Cafetero"
"361",63401,"La Tebaida","Quindío","Eje Cafetero",0,30.6133422851562,66.8811204364687,67.6255270503812,0,-1.05498586350122,0,4,0,42,0,0,27225,2456,52.5553040811857,52.6757684164416,50.6172839506173,50.6172839506173,4,"RAP Eje Cafetero"
"362",15272,"Firavitoba","Boyacá","Altiplano Cundiboyacense",0,27.1606674194336,60.8661087141628,61.651360852472,0,-0.877340865220991,0,4,0,3,0,0,5190,3139,42.4885635864593,42.451967063129,50.1355013550136,50.1355013550136,4,"RAP (E) Central"
"363",5148,"El Carmen de Viboral","Antioquia","Oriente Antioqueño",0,26.0713157653809,76.4895413519996,66.9638653894491,1,0.599158671429196,33,70,0,931,0,0,47914,17317,55.4028987329833,55.6449838085956,50.1083926912357,50.1083926912357,5,"RAP del Agua y la Montaña"
"364",5021,"Alejandría","Antioquia","Oriente Antioqueño",0,47.3664970397949,72.2121936014403,61.3856689870981,0,3.60622384553157,47,35,0,201,0,0,3559,1387,46.3482544442065,46.4339258941958,0,0,1,"RAP del Agua y la Montaña"
"365",76246,"El Cairo","Valle del Cauca","Norte Del Valle",0,33.4003944396973,62.7634204331762,57.2084678896487,2,-0.665964259658726,4,11,0,56,0,0,4685,2331,39.9172950620287,39.9172950620287,39.8865784499055,39.8865784499055,1,"RAP Pacífico"
"366",25649,"San Bernardo","Cundinamarca","Sumapaz",0,34.8392868041992,73.5162805461197,63.9378234677031,0,-0.817135919300907,6,7,0,12,0,0,7028,3620,43.1709265175719,43.1842385516507,49.7237569060773,49.7237569060773,1,"RAP (E) Central"
"367",76248,"El Cerrito","Valle del Cauca","Sur Del Valle",0,22.4933223724365,72.1774899969487,72.736621551062,0,-0.995544847498796,9,12,0,69,0,0,42401,15154,47.8988792168423,47.7486998359151,50.8768821966342,50.9005019191025,2,"RAP Pacífico"
"368",18205,"Curillo","Caquetá","Florencia Y Area De Influencia",1,55.1774444580078,64.5335610081688,61.6889359730948,2,3.81180775131585,57,99,3,631,257.19,2.2,4957,1325,31.4172040060365,31.4309233090959,36.2017804154303,36.2017804154303,3,"RAP Amazonia"
"369",25653,"San Cayetano","Cundinamarca","Noroccidente De Cundinamarca",0,41.5378074645996,61.4592285455883,57.4100784060568,0,-0.738799568308253,2,2,0,22,0,0,3997,3101,34.8892032060349,35.030645921735,45.1188455008489,45.5008488964346,2,"RAP (E) Central"
"370",27077,"Bajo Baudó","Chocó","Litoral Pacifico",0,79.9579238891602,60.2780049800633,60.709596914771,20,-0.687152540453604,0,11,0,81,91.51,0,17882,13723,42.3407917383821,42.9718875502008,56.3870967741936,57.1756272401434,1,"RAP Pacífico"
"371",54001,"Cúcuta","Norte de Santander","Area Metropolitana De Cucuta",0,26.4133739471436,68.5267206615857,68.3719692513509,87,0.830691383408319,189,170,0,4823,478.86,0,577450,18621,55.439131020374,55.4698903947028,58.8588588588589,58.8669750831913,11,"RAP Gran Santander"
"372",5679,"Santa Bárbara","Antioquia","Suroeste Antioqueño",0,33.131233215332,52.4011102228962,60.8061749173787,0,0.497590919826552,6,78,0,403,0,0,22069,10774,36.2998468152394,36.3294954785788,46.1979913916786,46.1501673840268,2,"RAP del Agua y la Montaña"
"373",66400,"La Virginia","Risaralda","Eje Cafetero",0,26.8699741363525,71.870955240303,63.1386410695721,0,-0.865384428116599,1,9,0,136,0,0,21873,428,46.6660291961497,46.7393383056034,43.4466019417476,43.4466019417476,1,"RAP Eje Cafetero"
"374",76250,"El Dovio","Valle del Cauca","Norte Del Valle",0,31.7670669555664,69.4560627312081,59.6442083215465,2,-0.327937984612842,13,10,0,98,0,0,5929,1945,45.9110282365477,45.9110282365477,42.4317617866005,42.4731182795699,3,"RAP Pacífico"
"375",15599,"Ramiriquí","Boyacá","Altiplano Cundiboyacense",0,45.0595359802246,62.1308295458435,64.7251485453912,0,-0.938452950930198,5,1,0,1,0,0,7254,3928,44.7138461538462,44.7261538461538,45.514950166113,45.514950166113,2,"RAP (E) Central"
"376",41078,"Baraya","Huila","Norte Del Huila",0,72.061408996582,63.8316779768629,55.8163941285847,1,0.627563295716799,107,12,3,73,0,0,6011,3174,42.3382983064681,42.3178943072842,34.0034965034965,34.0034965034965,5,"RAP (E) Central"
"377",15600,"Ráquira","Boyacá","Altiplano Cundiboyacense",0,59.5146980285645,70.9912104423966,59.2059026874138,0,-0.98398778429763,0,0,0,3,0,0,5872,3934,49.6469310157523,49.6469310157523,48.1481481481481,48.1481481481481,2,"RAP (E) Central"
"378",85279,"Recetor","Casanare","Piedemonte Llanero",0,39.0824966430664,48.3542035831959,66.9788614237827,1,1.16487091031177,25,12,0,99,0,0,1319,1055,60.5473204104903,60.3192702394527,62.8571428571429,63.7142857142857,4,"RAP Llanos"
"379",76275,"Florida","Valle del Cauca","Sur Del Valle",1,25.7611560821533,60.2647887111224,60.3321435346198,12,0.275214344951371,46,50,4,666,0,0,41872,12126,45.4866712760237,45.4661852449361,56.0701401124255,56.2127695276449,4,"RAP Pacífico"
"380",73226,"Cunday","Tolima","Sumapaz",0,41.4525451660156,49.9517049264663,56.7911454881682,0,-0.42154385132902,12,14,0,87,0,0,6115,4173,43.8899379552199,43.8629619638522,46.7109059434507,46.7109059434507,2,"RAP (E) Central"
"381",15276,"Floresta","Boyacá","Altiplano Cundiboyacense",0,40.396484375,53.415531561685,57.3745452432313,0,-0.965516051348584,0,1,0,0,0,0,2511,1536,63.8636363636364,63.8636363636364,67.4778761061947,67.4778761061947,3,"RAP (E) Central"
"382",73236,"Dolores","Tolima","Sur Del Tolima",0,42.2803916931152,61.6823262629488,55.0828435605129,0,1.86098917140852,69,15,18,106,0,0,6080,3425,43.5238945958017,43.5462259937472,44.1677588466579,43.8619484491044,3,"RAP (E) Central"
"383",73268,"Espinal","Tolima","Norte Del Tolima",0,30.0038280487061,59.2947408897594,68.1955518447605,0,-1.08766482501245,0,15,0,54,0,0,54504,14555,53.0989137827978,53.1875425108725,54.9763033175355,55.0599386674101,6,"RAP (E) Central"
"384",20045,"Becerril","Cesar","Serrania Del Perija",1,61.1254806518555,72.7674103014414,63.972888947216,1,2.17640962582169,61,70,0,519,0,0,14769,3371,58.5745952844764,58.6216161751864,47.4213836477987,47.6729559748428,5,"RAP Caribe"
"385",5360,"Itagüí","Antioquia","Valle De Aburra",0,9.79587554931641,77.0699501860254,75.7824311944593,0,-0.46513244921923,28,22,0,1345,0,0,243826,16745,45.0469713821365,44.9636582272766,32.1958456973294,31.8867457962413,1,"RAP del Agua y la Montaña"
"386",5237,"Don Matías","Antioquia","Norte De Antioquia",0,20.3982200622559,72.3562751879977,72.6627544793575,1,-0.575142675376646,2,6,0,133,0,0,15020,4577,42.8514641579436,42.8647144560753,46.2390670553936,46.4139941690962,2,"RAP del Agua y la Montaña"
"387",41132,"Campoalegre","Huila","Norte Del Huila",0,34.4203262329102,65.0360080473334,63.2827166029967,0,-0.481653452584798,44,15,0,111,0,0,22567,5447,50.6573110734737,50.6048874909267,61.8122977346278,61.8122977346278,4,"RAP (E) Central"
"388",5885,"Yalí","Antioquia","Nordeste Antioqueño",0,52.2683029174805,67.5881743907574,54.8521649819755,1,0.995725111312035,15,31,1,184,77.69,39.35,5674,2629,33.3060824068018,32.782864617397,0,0,3,"RAP del Agua y la Montaña"
"389",52240,"Chachagüí","Nariño","Centro De Nariño",0,63.4135131835938,64.461872718078,66.734357881138,0,-1.06145541769591,0,0,0,9,0,0,11567,8140,68.1851688043639,68.1851688043639,71.8221665623043,71.8221665623043,1,"RAP Pacífico"
"390",73270,"Falan","Tolima","Norte Del Tolima",0,42.5864601135254,68.8080360572612,59.3195365221517,0,-0.319484233392931,5,13,0,106,0,0,5432,3968,46.8949771689498,46.8949771689498,51.542152159013,51.542152159013,1,"RAP (E) Central"
"391",68211,"Contratación","Santander","Serrania De Los Yariguies",0,29.2276992797852,70.8436827807904,61.7136428334684,0,-0.752749870794881,12,3,0,15,0,0,2939,650,50.8291276135544,50.8291276135544,50,50,2,"RAP Gran Santander"
"392",68432,"Málaga","Santander","Provincia De Garcia Rovira",0,21.6228675842285,68.8557211493656,61.9736650008178,0,-0.790169841624247,15,7,0,64,0,0,16284,1999,48.6728024543151,48.6728024543151,57.6158940397351,57.6158940397351,3,"RAP Gran Santander"
"393",73275,"Flandes","Tolima","Norte Del Tolima",0,26.8062438964844,60.8372668355979,65.6707554658181,0,-1.06472064635373,1,11,0,13,0,0,21636,2858,47.3547106617875,47.460150096136,44.184231069477,44.184231069477,2,"RAP (E) Central"
"394",63470,"Montenegro","Quindío","Eje Cafetero",0,27.7678260803223,75.0953603182516,63.7708108696868,0,-1.06438878027726,2,1,0,34,0,0,29592,4894,46.3251318657023,46.43883642336,48.4442316898037,48.3963618956438,3,"RAP Eje Cafetero"
"395",76306,"Ginebra","Valle del Cauca","Sur Del Valle",0,27.7705326080322,62.9146944069858,63.1597043052431,0,-0.767893859707358,23,11,0,51,0,0,17284,8758,47.1628592483419,47.1260132645542,52.693801722682,52.8289140347914,2,"RAP Pacífico"
"396",52203,"Colón","Nariño","Norte De Nariño",0,58.619945526123,57.9668795742427,61.6566945878713,1,-0.422730701843283,2,26,1,35,0,0,6478,5580,60.3543307086614,60.4330708661417,68.046198267565,68.0943214629451,1,"RAP Pacífico"
"397",68217,"Coromoro","Santander","Provincia De Guanenta",0,43.867244720459,59.9961819407497,60.8242360156667,0,-0.809880667377031,9,4,0,26,0,0,3639,2910,52.2604728328494,52.2604728328494,63.0569655950367,63.0569655950367,2,"RAP Gran Santander"
"398",25718,"Sasaima","Cundinamarca","Altiplano Cundiboyacense",0,34.4581451416016,66.2328568573056,62.9606323322489,0,-0.634433925464137,3,12,0,40,0,0,9374,6303,47.9416698928894,47.9158601109821,45.1933701657459,45.0828729281768,3,"RAP (E) Central"
"399",54223,"Cucutilla","Norte de Santander","Centro De Norte De Santander",0,50.9684867858887,61.2147750047309,58.0599714866086,1,-0.153275906000888,40,14,2,33,0,0,6149,4836,61.1403668058834,61.1403668058834,61.6740088105727,61.6740088105727,5,"RAP Gran Santander"
"400",73283,"Fresno","Tolima","Norte Del Tolima",0,33.8394584655762,70.4404558318162,59.5819656828507,1,-0.195579832445969,13,37,0,406,0,0,22938,10802,45.3348248334774,45.3297401738954,51.4385862421498,51.497005988024,1,"RAP (E) Central"
"401",47189,"Ciénaga","Magdalena","Sierra Nevada De Santa Marta",1,48.0594100952148,56.5783334343789,61.0715511223204,9,2.33551291465817,194,251,0,3073,0,0,86544,8911,53.2684500884772,53.2905693764963,44.3132898208582,44.2716289404249,3,"RAP Caribe"
"402",52207,"Consacá","Nariño","Centro Occidente De Nariño",0,51.7430305480957,74.633005339252,57.6930123491548,0,-0.919292802705498,6,3,0,17,0,0,10849,9182,59.6128608923885,59.6128608923885,64.875067409671,64.7132841991731,2,"RAP Pacífico"
"403",15632,"Saboyá","Boyacá","Altiplano Cundiboyacense",0,50.9829559326172,68.9704675356763,63.7479420547622,0,-0.932228384726368,1,1,0,11,0,0,9797,8725,49.9831422791639,50,56.6322478157268,56.6057717765422,3,"RAP (E) Central"
"404",5353,"Hispania","Antioquia","Suroeste Antioqueño",0,33.7042083740234,61.6742298792375,60.3300625871595,0,0.094318605709715,1,2,0,94,0,0,4371,1333,40.6909430438842,40.672268907563,44,44,3,"RAP del Agua y la Montaña"
"405",5376,"La Ceja","Antioquia","Oriente Antioqueño",0,16.4290714263916,75.0638731728981,69.0251656704043,0,0.118832320732124,21,39,0,791,0,0,55458,6379,53.6680053547523,53.6992414100848,43.1205673758865,41.9148936170213,3,"RAP del Agua y la Montaña"
"406",15638,"Sáchica","Boyacá","Altiplano Cundiboyacense",0,42.1648941040039,50.0240145796021,65.1438064289832,0,-0.996448908985142,NA,NA,NA,NA,0,0,3954,1931,62.4927703875072,62.4927703875072,0,0,3,"RAP (E) Central"
"407",68444,"Matanza","Santander","Provincia De Soto",0,35.1079864501953,65.3826800262318,58.4455493215157,0,1.73695616450211,53,58,0,103,0,0,3836,2576,54.1372351160444,54.1372351160444,56.5727699530516,56.5057008718981,1,"RAP Gran Santander"
"408",44098,"Distracción","La Guajira","Sierra Nevada De Santa Marta",0,54.8765907287598,62.0162682985841,60.4477555150234,2,-0.583435760603729,2,20,0,71,0,0,9908,5006,60.436193222783,60.4902667627974,67.8581892762965,67.8581892762965,2,"RAP Caribe"
"409",15646,"Samacá","Boyacá","Altiplano Cundiboyacense",0,31.2695808410645,56.9021269912256,69.5310756695488,0,-0.931308641037355,3,3,0,5,0,0,12862,7244,56.8030888030888,56.5868725868726,40.4358353510896,40.4358353510896,2,"RAP (E) Central"
"410",68464,"Mogotes","Santander","Provincia De Guanenta",0,45.8079605102539,58.3848890222399,61.5352311846297,0,0.0976012633159473,1,5,12,25,0,0,7528,4168,45.5671213208902,45.6389088298636,48.2300884955752,48.180924287119,5,"RAP Gran Santander"
"411",5091,"Betania","Antioquia","Suroeste Antioqueño",0,35.6328315734863,66.0187554381349,56.0364450780541,1,0.694107126563984,42,19,0,199,0,0,7597,4403,38.941351888668,38.9537773359841,51,51,2,"RAP del Agua y la Montaña"
"412",47205,"Concordia","Magdalena","Cienaga Grande De Santa Marta",0,62.6011810302734,51.5095647267174,52.4527755259067,0,-0.89356893382705,0,0,0,36,0,0,8170,5071,67.2262495230828,67.1308660816482,69.8530682800346,69.8876404494382,2,"RAP Caribe"
"413",86320,"Orito","Putumayo","Bajo Putumayo",1,71.1693954467773,57.5039821243308,65.4453870200345,8,1.53169309452642,184,133,0,810,4421.85,51.64,26944,12035,45.0610739801798,45.3699008988246,50.9490940465919,51.8119068162209,3,"RAP Amazonia"
"414",68468,"Molagavita","Santander","Provincia De Garcia Rovira",0,53.3779411315918,58.2676469392778,59.7659380142027,0,-0.945325725040242,19,1,0,2,0,0,3111,2536,46.8272620446534,46.8860164512338,56.4810251355347,56.4810251355347,3,"RAP Gran Santander"
"415",68498,"Ocamonte","Santander","Provincia De Guanenta",0,36.1388740539551,60.4862328063858,60.3437443232958,0,-1.03220266721095,6,1,0,3,0,0,4255,3512,56.9069462647444,56.9069462647444,0,0,2,"RAP Gran Santander"
"416",76318,"Guacarí","Valle del Cauca","Sur Del Valle",0,23.0048236846924,62.284615315912,65.040079609695,3,-0.850466061422496,13,17,0,84,0,0,24611,9073,53.1815384615385,53.1876923076923,60.8425414364641,60.8166436464088,3,"RAP Pacífico"
"417",68500,"Oiba","Santander","Provincia Comunera",0,37.0304222106934,71.7388676378269,66.316644323797,0,-0.927338344093782,11,4,0,16,0,0,8381,4307,48.8478706719749,48.8358064905296,59.5360824742268,59.5360824742268,3,"RAP Gran Santander"
"418",17486,"Neira","Caldas","Eje Cafetero",0,25.9133377075195,66.8965794765204,61.3476316863089,0,-0.682293672554188,10,15,0,93,0,0,16135,6187,47.7159702640349,47.8133811843117,0,0,2,"RAP Eje Cafetero"
"419",52210,"Contadero","Nariño","Sur De Nariño",0,48.0491752624512,65.2753680599878,60.2151975470686,0,-1.05160125481374,0,1,0,3,0,0,5487,4482,61.5547703180212,62.0141342756184,63.1341209173037,63.1688672689368,1,"RAP Pacífico"
"420",25736,"Sesquilé","Cundinamarca","Altiplano Cundiboyacense",0,13.0282640457153,68.2496952662027,71.1705541483824,0,-0.967523370160251,0,3,0,1,0,0,9870,5958,52.6672524162169,53.3576001004142,0,0,1,"RAP (E) Central"
"421",25740,"Sibaté","Cundinamarca","Sumapaz",0,21.3103141784668,80.2801767124546,78.3866841037814,0,-0.872243816672179,7,15,0,22,0,0,29570,7282,52.1354166666667,52.2035256410256,0,0,3,"RAP (E) Central"
"422",25743,"Silvania","Cundinamarca","Sumapaz",0,31.900821685791,68.7066680041152,66.2610499596312,0,-0.150370767678847,8,28,0,261,0,0,18854,11090,46.1332937509277,46.1110286477661,57.2957746478873,57.1549295774648,3,"RAP (E) Central"
"423",86568,"Puerto Asís","Putumayo","Bajo Putumayo",1,55.9611701965332,60.7863916767574,62.446619060956,33,3.05128370823121,236,125,0,2327,7469.92,10.82,48318,18290,39.5979118071754,39.9172498056204,41.3428495902723,41.3428495902723,2,"RAP Amazonia"
"424",68502,"Onzaga","Santander","Provincia De Guanenta",0,51.7582740783691,56.6094712918461,56.7069036311293,1,-0.691659368736438,40,0,0,14,0,0,3123,2045,47.6664116296863,47.6664116296863,46.9125214408233,46.9125214408233,3,"RAP Gran Santander"
"425",15325,"Guayatá","Boyacá","Altiplano Cundiboyacense",0,34.7207183837891,64.8047457449179,59.3231844690648,0,-0.879151242678091,3,0,0,12,0,0,2762,1780,45.9501965923984,45.9501965923984,0,0,1,"RAP (E) Central"
"426",15362,"Iza","Boyacá","Altiplano Cundiboyacense",0,24.6548938751221,60.8239976149464,61.3866513261383,0,-0.90390126309954,0,1,0,1,0,0,1477,535,46.5722120658135,46.4808043875686,0,0,2,"RAP (E) Central"
"427",76111,"Guadalajara de Buga","Valle del Cauca","Centro Del Valle",0,15.9321012496948,68.5594128879504,63.4865824682322,2,-0.555551712839178,44,35,0,481,0,0,97743,13424,50.1155385833776,50.1079444980852,49.08738656062,48.8834505965127,7,"RAP Pacífico"
"428",73319,"Guamo","Tolima","Sur Del Tolima",0,35.7238235473633,56.6123201631364,64.234942392479,1,-0.833243338580021,2,16,0,155,0,0,24757,11933,45.6243233489715,45.6062793215446,54.1322314049587,54.5179063360882,5,"RAP (E) Central"
"429",25436,"Manta","Cundinamarca","Altiplano Cundiboyacense",0,33.4672431945801,63.9692281262763,62.2477595682825,0,-0.883210023290194,4,2,0,4,0,0,3435,2239,51.1358144030933,51.2324794586757,0,0,2,"RAP (E) Central"
"430",13647,"San Estanislao","Bolívar","Canal Del Dique",0,59.1254844665527,49.0956219838062,55.9523438188269,0,-0.901378941627366,0,3,0,18,0,0,13671,4541,67.6749478475251,67.6180542385739,69.3336831059811,68.7827911857293,2,"RAP Caribe"
"431",25745,"Simijaca","Cundinamarca","Altiplano Cundiboyacense",0,22.8056774139404,59.1142009467821,67.2571578873167,0,-0.993420165706902,0,1,0,4,0,0,10765,3781,47.2862119339252,47.308686369255,53.5353535353535,53.5353535353535,1,"RAP (E) Central"
"432",5138,"Cañasgordas","Antioquia","Occidente Antioqueño",0,58.7073249816895,65.1790461277385,54.6509140119963,3,1.28962479082552,25,64,1,462,0,0,11524,7073,42.6425564485266,42.6425564485266,47.1910112359551,47.2222222222222,3,"RAP del Agua y la Montaña"
"433",68298,"Gambita","Santander","Provincia Comunera",0,52.4170379638672,62.5871354910602,57.5889496987894,0,-1.02292206750569,0,1,0,9,0,0,2835,2251,48.7449392712551,48.7449392712551,48.7714987714988,48.7714987714988,4,"RAP Gran Santander"
"434",13212,"Córdoba","Bolívar","Montes De Maria",1,76.2651290893555,44.4558656701422,57.3250252309751,0,0.620801999313447,8,15,1,323,0,0,11569,8979,58.3550651955868,57.9939819458375,72.7081630269765,72.8366226789677,3,"RAP Caribe"
"435",73347,"Herveo","Tolima","Norte Del Tolima",0,30.4548416137695,64.0006211679811,58.7547551924441,0,-0.290533724888099,3,12,0,105,0,0,5273,3532,42.8138766519824,42.7312775330396,47.24548259145,47.24548259145,3,"RAP (E) Central"
"436",15500,"Oicatá","Boyacá","Altiplano Cundiboyacense",0,37.461841583252,54.8919307709815,60.1583333640083,0,-0.996073732899894,NA,NA,NA,NA,0,0,2086,1750,55.3123756466375,55.4715479506566,0,0,1,"RAP (E) Central"
"437",27099,"Bojayá","Chocó","Atrato",1,86.6749954223633,59.0602258407117,55.6365960810244,53,0.493482299794975,90,13,0,121,0,0,6775,6239,52.6986825329367,52.5286867828304,53.6635284486287,53.7249283667622,1,"RAP Pacífico"
"438",66440,"Marsella","Risaralda","Eje Cafetero",0,31.0865077972412,66.0712510417558,58.9988608671471,0,-1.04637792473704,0,0,0,38,0,0,12766,5407,45.8490131326319,45.8643729360264,45.9449404761905,45.9077380952381,4,"RAP Eje Cafetero"
"439",25754,"Soacha","Cundinamarca","Area Metropolitana De Bogota",0,19.809606552124,73.6375964253719,70.1333121507898,1,-0.958766193637585,3,13,0,341,0,0,599661,3035,50.0207094600814,50.0368168179224,50.6112469437653,51.5281173594132,5,"RAP (E) Central"
"440",76364,"Jamundí","Valle del Cauca","Sur Del Valle",0,19.6599102020264,71.1776143656109,63.1991744124359,33,0.320837800467724,129,42,2,495,1159.51,0,124368,26627,42.5622130949505,42.5042280744141,49.6039657309122,49.393825098335,6,"RAP Pacífico"
"441",73349,"Honda","Tolima","Norte Del Tolima",0,20.6822452545166,62.6575775358088,64.3512041210449,0,-0.41369828568088,16,9,0,283,0,0,19319,955,43.0981793139069,43.7222915680282,0,0,5,"RAP (E) Central"
"442",86569,"Puerto Caicedo","Putumayo","Bajo Putumayo",1,73.5322723388672,52.3669820892351,63.5169240906829,5,1.2590337689715,38,13,0,568,2727.81,91.49,11533,6642,48.7870619946092,48.7870619946092,49.8580553584102,49.9645138396026,1,"RAP Amazonia"
"443",5368,"Jericó","Antioquia","Suroeste Antioqueño",0,27.3757915496826,66.7086129443122,60.146413127189,0,-0.447281573197319,0,8,1,82,0,0,11216,4273,44.1427247451344,44.1519925857275,48.6803519061584,48.6803519061584,3,"RAP del Agua y la Montaña"
"444",85300,"Sabanalarga","Casanare","Piedemonte Llanero",0,36.2638397216797,61.8506267814995,71.0315798046753,0,0.421823101165966,14,16,0,51,0,0,2630,1257,59.4019030357952,59.311282283643,55.2264808362369,55.2264808362369,2,"RAP Llanos"
"445",5107,"Briceño","Antioquia","Norte De Antioquia",1,63.1107597351074,69.8942792140144,63.2724783013965,13,1.02818639011312,64,15,0,211,363.09,0,5465,3347,47.1228615863142,47.1895134414575,56.7763794772507,56.8731848983543,2,"RAP del Agua y la Montaña"
"446",50450,"Puerto Concordia","Meta","Ariari Guayabero",1,95.7612075805664,70.3227744060293,60.2599617196609,9,0.772933227486205,66,26,0,418,14.21,0,5496,3201,38.9667896678967,38.9667896678967,44.8195576251455,44.9359720605355,2,"RAP (E) Central"
"447",15667,"San Luis de Gaceno","Boyacá","Oriente De Boyaca",0,42.1180686950684,63.0359258852162,64.6534692493013,2,0.00769435595162886,7,14,0,68,0,0,4071,2168,44.8921319796954,44.8604060913706,51.7138599105812,51.7138599105812,3,"RAP (E) Central"
"448",5842,"Uramita","Antioquia","Occidente Antioqueño",0,68.6640167236328,46.5557433525452,55.5518012224091,3,1.80141773704309,18,34,2,298,0,0,4826,2970,37.5433382862803,37.5598481096252,39.8963730569948,39.8963730569948,4,"RAP del Agua y la Montaña"
"449",50573,"Puerto López","Meta","Altillanura",0,39.0408744812012,63.5086795109929,71.7307609786555,0,-0.0238594981144994,36,25,0,412,0,0,20794,7738,52.1964718090626,52.2022368269342,50.2564876282438,50.2564876282438,2,"RAP (E) Central"
"450",85315,"Sácama","Casanare","Piedemonte Llanero",0,45.8606300354004,51.1788411872501,62.0252051525543,4,0.0753006176551039,38,6,0,18,0,0,1395,614,41.4443721535459,41.7696811971373,0,0,3,"RAP Llanos"
"451",15676,"San Miguel de Sema","Boyacá","Altiplano Cundiboyacense",0,29.3369083404541,58.9936228654052,68.3127622580294,0,-0.963149697619665,0,1,0,0,0,0,2131,1775,41.1485003657644,41.441111923921,0,0,1,"RAP (E) Central"
"452",19050,"Argelia","Cauca","Patia",1,89.5077514648438,61.8736669290663,60.3060530412588,129,0.316929684979892,89,52,0,159,2849.97,0,19321,17503,37.8253568429891,37.8673383711167,34.8438795247306,35.1294095974947,1,"RAP Pacífico"
"453",18247,"El Doncello","Caquetá","Florencia Y Area De Influencia",1,38.8572273254395,67.2166981735763,61.0137839445211,2,1.19025476469441,126,45,0,382,50.03,0,13289,3691,36.8764442028001,36.9444066875085,47.1,47.1,7,"RAP Amazonia"
"454",76400,"La Unión","Valle del Cauca","Norte Del Valle",0,23.7372455596924,62.1280576870311,63.8988675797022,1,-1.01449179528511,0,6,0,84,0,0,25683,4941,48.2729366137438,48.3416151577587,53.8022813688213,54.0874524714829,5,"RAP Pacífico"
"455",25758,"Sopó","Cundinamarca","Altiplano Cundiboyacense",0,13.8081903457642,65.9100881416585,80.5715842965966,0,-0.963082202572196,0,6,0,7,0,0,24015,5845,58.9613679544015,59.094363521216,61.1436950146628,61.0703812316716,2,"RAP (E) Central"
"456",52215,"Córdoba","Nariño","Sur De Nariño",0,71.5513534545898,62.0700607158991,57.9483751401432,0,-0.880257928535138,6,11,0,13,0,0,11328,9065,44.0214677983025,43.971542685971,51.3642269380684,50.9311390212213,2,"RAP Pacífico"
"457",54239,"Durania","Norte de Santander","Provincia De Ricaurte",0,39.2950859069824,63.2675560843451,57.2466922039632,0,-0.413204625701108,20,7,0,22,0,0,3604,1772,57.4854834637718,57.4602373138096,56.8306010928962,57.103825136612,1,"RAP Gran Santander"
"458",25769,"Subachoque","Cundinamarca","Altiplano Cundiboyacense",0,18.5505962371826,74.7044034909451,73.6058979078315,0,-0.976600794290592,0,4,0,0,0,0,13600,5919,52.7905385592806,52.8296354217574,51.5873015873016,52.4603174603175,3,"RAP (E) Central"
"459",70230,"Chalán","Sucre","Montes De Maria",1,79.6334533691406,49.2189969109107,47.2433347540389,2,1.82271377808332,49,22,0,149,0,0,3324,1284,64.7171162568632,63.6667462401528,80.3921568627451,79.7385620915033,2,"RAP Caribe"
"460",13300,"Hatillo de Loba","Bolívar","Sur De Bolivar",0,78.3571014404297,53.4551990959437,54.2045389607914,1,-0.865902608071716,4,1,0,18,0,0,8342,6394,51.018573996405,50.9886159376872,62.5637393767705,62.4645892351275,2,"RAP Caribe"
"461",76403,"La Victoria","Valle del Cauca","Norte Del Valle",0,27.714729309082,70.7780125112546,62.1868768891479,0,-0.884359647029675,0,1,0,71,0,0,9162,2103,45.2976123752942,45.4433359488847,50.9584086799277,50.9584086799277,1,"RAP Pacífico"
"462",68524,"Palmas del Socorro","Santander","Provincia Comunera",0,36.7704811096191,68.1606200453358,59.958487251684,0,-0.9412549232569,7,0,0,7,0,0,1947,1263,53.3251231527094,53.3251231527094,0,0,1,"RAP Gran Santander"
"463",68533,"Páramo","Santander","Provincia De Guanenta",0,30.1126499176025,69.8128283542499,65.4936758374878,0,-1.09856075755177,0,0,0,3,0,0,3509,2391,63.517338995046,63.517338995046,57.3529411764706,57.3529411764706,2,"RAP Gran Santander"
"464",25772,"Suesca","Cundinamarca","Altiplano Cundiboyacense",0,22.724681854248,62.4708596180786,66.9374351210541,0,-1.01234034105133,0,1,0,0,0,0,14348,6932,56.3064030941126,56.1022776106575,54.0022547914318,54.0022547914318,4,"RAP (E) Central"
"465",25594,"Quetame","Cundinamarca","Altiplano Cundiboyacense",0,43.523365020752,52.4138605586289,61.9142212110638,0,-0.368462850766937,14,15,2,4,0,0,3968,2553,57.7348066298343,56.767955801105,59.1619047619048,59.3904761904762,2,"RAP (E) Central"
"466",70204,"Coloso","Sucre","Montes De Maria",1,83.3533248901367,50.5917421820071,57.4280394257154,1,2.22921090516147,4,35,0,299,0,0,6285,3593,72.4858660270687,72.0918279938325,74.2898761835397,74.3627093954843,4,"RAP Caribe"
"467",85325,"San Luis de Palenque","Casanare","Llanos Orientales",0,57.2122383117676,60.9968112052511,70.0831798135983,0,-0.225108004290563,9,7,5,46,0,0,5634,3530,57.5771428571429,57.8514285714286,60.3997501561524,60.5871330418488,2,"RAP Llanos"
"468",25645,"San Antonio del Tequendama","Cundinamarca","Altiplano Cundiboyacense",0,28.8637104034424,62.286406948718,67.7341196198743,0,-0.822128057465678,4,1,0,39,0,0,10672,8956,39.248730964467,39.6142131979695,46.396633350868,46.5018411362441,1,"RAP (E) Central"
"469",68425,"Macaravita","Santander","Provincia De Garcia Rovira",0,59.3110771179199,55.855148564301,57.164352800756,0,-0.254286699374695,21,3,0,31,0,0,1542,1258,45.0022212350067,45.0022212350067,0,0,2,"RAP Gran Santander"
"470",5467,"Montebello","Antioquia","Suroeste Antioqueño",0,38.812442779541,69.4495636389593,62.1596208296222,0,1.08785468263513,5,15,0,237,0,0,5273,3412,38.1419807186678,38.1419807186678,38.9247311827957,39.1397849462366,1,"RAP del Agua y la Montaña"
"471",52227,"Cumbal","Nariño","Sur De Nariño",0,64.9738006591797,66.6071257989798,60.4795634999145,11,-0.712646577681983,22,10,1,54,0,0,27022,21943,54.3416001462434,54.3598805679118,55.1132643708262,55.0477936362446,2,"RAP Pacífico"
"472",76497,"Obando","Valle del Cauca","Norte Del Valle",0,35.1743965148926,70.7013813292678,65.2995870392708,1,-0.847863074491399,2,1,0,83,0,0,8785,2034,52.2326187374156,52.2207746061826,50.927678909504,51.0412722453616,2,"RAP Pacífico"
"473",85400,"Támara","Casanare","Piedemonte Llanero",0,75.4394149780273,60.3824366755783,63.2262926925819,2,0.694211184424143,61,13,5,95,0,0,4241,3086,53.988603988604,53.960113960114,58.6169045005488,58.6169045005488,3,"RAP Llanos"
"474",25777,"Supatá","Cundinamarca","Altiplano Cundiboyacense",0,30.320894241333,65.5481782110725,61.3164768337426,0,-0.932493718038372,0,0,0,9,0,0,4571,2829,49.0672963400236,49.0200708382527,0,0,3,"RAP (E) Central"
"475",68547,"Piedecuesta","Santander","Provincia De Soto",0,17.5460758209229,67.4853478381705,70.9150507815925,0,-0.894700128553138,20,39,0,107,0,0,138601,22194,56.1396205601057,56.201021969216,56.5568332596196,56.3025210084034,9,"RAP Gran Santander"
"476",52233,"Cumbitara","Nariño","Patia",1,81.4602508544922,59.455988083339,61.9217583386281,11,-0.265246684744588,10,28,0,118,1387.76,0,4294,3111,42.1880341880342,42.0512820512821,40.9960522320073,40.9656847859095,1,"RAP Pacífico"
"477",15681,"San Pablo de Borbur","Boyacá","Altiplano Cundiboyacense",0,43.3967437744141,63.3082876837431,58.891109608287,0,-0.618886202216291,7,0,0,69,0,0,4754,4022,43.8173201206377,43.8173201206377,52.6239489707161,52.6239489707161,1,"RAP (E) Central"
"478",68549,"Pinchote","Santander","Provincia De Guanenta",0,24.540885925293,68.7444308311885,66.176443022865,0,-1.12821552253711,0,0,0,1,0,0,4127,3112,56.6728167281673,56.7035670356704,0,0,1,"RAP Gran Santander"
"479",27150,"Carmen del Darién","Chocó","Atrato",1,90.6952438354492,62.6950110560497,52.1989672674092,25,0.388233931582172,2,9,0,120,778.94,1.54,11816,10625,32.857800276116,33.2259549010584,42.1867199201198,42.1867199201198,1,"RAP Pacífico"
"480",17495,"Norcasia","Caldas","Eje Cafetero",0,36.6615028381348,67.5533569519067,64.423511084793,0,-0.143171345924687,4,7,0,88,0,32.13,4354,1246,47.4021592442645,47.4021592442645,0,0,3,"RAP Eje Cafetero"
"481",41206,"Colombia","Huila","Norte Del Huila",0,59.6157150268555,68.2338655834688,56.7793678369837,0,0.305741262086695,50,13,5,88,0,0,4909,3539,53.74416891726,53.74416891726,52.393516773464,52.393516773464,1,"RAP (E) Central"
"482",5206,"Concepción","Antioquia","Oriente Antioqueño",0,37.5226097106934,71.3096806046794,64.2063410721204,0,1.84411906736643,41,19,0,132,0,0,3729,1977,40.6841505131129,40.6157354618016,0,0,2,"RAP del Agua y la Montaña"
"483",68572,"Puente Nacional","Santander","Provincia De Velez",0,29.8390731811523,60.4098652121545,64.0942303553601,0,-0.734632056847425,10,14,0,45,0,0,11581,6875,44.4444444444444,44.5165945165945,44.3018159048215,44.2391984971822,3,"RAP Gran Santander"
"484",25779,"Susa","Cundinamarca","Altiplano Cundiboyacense",0,32.4908599853516,66.0536347830749,61.6681293327264,0,-1.00656321787727,0,0,0,3,0,0,5359,3168,44.7106170946723,44.7106170946723,0,0,2,"RAP (E) Central"
"485",68573,"Puerto Parra","Santander","Magdalena Medio",0,55.1557273864746,49.368569565765,71.8010927986047,0,1.21907926727717,21,18,0,244,0,0,5315,3273,40.5877680698967,41.3423351866561,42.4881033310673,42.4541128484024,2,"RAP Gran Santander"
"486",23090,"Canalete","Córdoba","Norte De Cordoba",0,87.3648071289062,55.3888800755249,57.5660177725483,1,-0.412459355339502,16,1,0,166,0,0,10358,7755,45.9741238537872,45.8233890214797,61.1137273369437,60.9959971744761,3,"RAP Caribe"
"487",17513,"Pácora","Caldas","Eje Cafetero",0,27.5517807006836,70.8539975535775,59.7362511619288,0,-0.663220292415482,8,14,0,37,0,0,12253,5537,54.7823025466495,54.8057739701913,55.7865168539326,55.7303370786517,2,"RAP Eje Cafetero"
"488",15580,"Quípama","Boyacá","Altiplano Cundiboyacense",0,58.413516998291,52.1803289041798,58.7642640368334,0,-0.854642412889976,0,0,0,24,0,0,3766,2665,48.8895743368291,48.9512646514497,44.8944666286366,44.8944666286366,2,"RAP (E) Central"
"489",5004,"Abriaquí","Antioquia","Occidente Antioqueño",0,36.3246154785156,57.7025538591538,50.2341421033577,0,2.75111587373834,14,23,0,102,0,0,2078,1338,49.2496589358799,49.2496589358799,59.469696969697,59.469696969697,2,"RAP del Agua y la Montaña"
"490",5690,"Santo Domingo","Antioquia","Nordeste Antioqueño",0,34.3579406738281,70.7313967328085,63.3108695900402,1,2.90314775068198,28,44,0,649,0,0,9629,6833,43.2070075080443,43.2785126921702,45.6305458456574,45.6036568970153,2,"RAP del Agua y la Montaña"
"491",52250,"El Charco","Nariño","Anden Pacifico Sur",1,80.0968704223633,50.1357774670177,61.2063242979452,13,-0.243008222239574,26,18,2,243,8952.35,233.42,13074,8639,35.8800428418422,35.201713673688,38.3527563179259,38.0123084981013,1,"RAP Pacífico"
"492",70215,"Corozal","Sucre","Morrosquillo Y Sabanas De Sucre",0,45.8103942871094,50.6097165868903,57.549425223243,3,-0.876529104470528,14,12,0,152,0,0,52708,13325,64.6416119911055,64.7184780519944,72.0169361046959,72.1805234795997,4,"RAP Caribe"
"493",52254,"El Peñol","Nariño","Centro De Nariño",0,54.389030456543,56.2030684904222,59.8831680142171,0,-0.808592771464588,1,6,0,19,79.38,0,5956,4902,64.2226748133062,64.1887304820095,73.0245231607629,73.0634488127676,2,"RAP Pacífico"
"494",13248,"El Guamo","Bolívar","Montes De Maria",1,64.9452209472656,72.452479792294,55.7597135219003,0,-0.184117251613237,16,10,0,74,0,0,6666,3124,69.3753050268424,68.3260126891166,77.2804054054054,77.2804054054054,3,"RAP Caribe"
"495",27160,"Cértegui","Chocó","Valle De San Juan",0,86.7271881103516,50.8605796151668,54.0068439524637,1,-0.872733369900685,1,9,0,2,0,1543.69,3960,1787,58.7792642140468,58.7235228539576,64.0194489465154,64.0194489465154,2,"RAP Pacífico"
"496",73001,"Ibagué","Tolima","Norte Del Tolima",0,18.5219345092773,69.1429415984343,65.434351514531,4,0.612245058573053,125,106,8,505,0,0,420696,27430,51.1686835800725,51.2649220877613,44.4928739449287,44.4790369447904,28,"RAP (E) Central"
"497",76520,"Palmira","Valle del Cauca","Sur Del Valle",0,16.5131912231445,74.9582503337709,66.956346858513,1,-0.429939508583318,49,55,3,320,0,0,269827,53398,46.6343178495511,46.6823029248473,51.072560238904,50.8491576811726,7,"RAP Pacífico"
"498",15690,"Santa María","Boyacá","Altiplano Cundiboyacense",0,38.0864028930664,69.5254492213736,66.1647050911591,0,-0.583353288151552,0,2,0,29,0,0,2640,1078,43.3432441361084,43.3432441361084,49.7816593886463,49.7816593886463,2,"RAP (E) Central"
"499",5615,"Rionegro","Antioquia","Oriente Antioqueño",0,13.8485584259033,82.9561151933699,82.7414439939903,2,-0.274171013872878,25,75,0,874,0,0,117608,39494,54.2789577498556,54.319279012238,60.1945160534333,59.842981017108,3,"RAP del Agua y la Montaña"
"500",25658,"San Francisco","Cundinamarca","Noroccidente De Cundinamarca",0,24.420747756958,48.0634121779579,63.6605536887818,0,-0.947505518574423,0,2,0,6,0,0,9721,4955,47.9151943462898,48.1625441696113,26.2295081967213,26.2295081967213,2,"RAP (E) Central"
"501",76563,"Pradera","Valle del Cauca","Sur Del Valle",1,28.6457614898682,65.788638124172,64.456575077057,1,-0.487431457120918,54,28,0,172,0,0,34460,4377,47.9521943794571,48.0142063872368,54.2475204829668,53.9456662354463,3,"RAP Pacífico"
"502",68575,"Puerto Wilches","Santander","Magdalena Medio",0,55.1178169250488,55.0419589760376,65.4234934091138,10,0.549279253118764,47,85,1,510,0,0,23041,10664,46.4203915773919,46.4056150720355,53.8248564397047,53.8556193601313,2,"RAP Gran Santander"
"503",41244,"Elías","Huila","Sur Del Huila",0,34.4635391235352,58.5886936744661,54.9757266757441,0,-1.03445394550391,0,0,0,2,0,0,3063,2065,51.010101010101,50.971250971251,52.924791086351,52.924791086351,2,"RAP (E) Central"
"504",73352,"Icononzo","Tolima","Sumapaz",0,36.3715324401855,60.9825068103546,60.1149592537286,0,-0.0758910211645636,37,20,0,115,0,0,8800,5983,39.9640337529395,39.9502005809932,38.7607119314436,38.4311140408701,2,"RAP (E) Central"
"505",15693,"Santa Rosa de Viterbo","Boyacá","Altiplano Cundiboyacense",0,21.9150085449219,62.9021367300761,63.2822704197362,0,-0.924895679378008,0,5,0,4,0,0,10502,3989,55.9574468085106,55.6648936170213,62.3655913978495,62.3655913978495,3,"RAP (E) Central"
"506",18256,"El Paujil","Caquetá","Florencia Y Area De Influencia",1,53.3345756530762,67.7022991354513,59.3579768994803,4,1.28344441019538,123,42,0,368,157,0,12225,5843,33.4550962223806,33.4283677833215,31.2820512820513,31.2820512820513,5,"RAP Amazonia"
"507",68615,"Rionegro","Santander","Magdalena Medio",0,46.6384162902832,61.6475971289011,64.9937295387065,0,1.85597100177289,146,130,0,628,0,0,19621,13901,42.3905082759631,42.3612128314047,50.293453724605,50.293453724605,3,"RAP Gran Santander"
"508",68655,"Sabana de Torres","Santander","Magdalena Medio",0,41.7064170837402,59.4951044519632,68.3102041633794,1,1.64429136958663,82,50,0,657,0,0,23461,6720,42.7463850837139,42.7368721461187,0,0,2,"RAP Gran Santander"
"509",5579,"Puerto Berrío","Antioquia","Magdalena Medio",0,39.2650413513184,70.298331808931,60.3665512823053,2,1.34453561476281,51,35,0,1530,0,116.45,31107,4067,31.7300498753117,31.7269326683292,37.1390493114171,37.272323411817,3,"RAP del Agua y la Montaña"
"510",81591,"Puerto Rondón","Arauca","Llanos Orientales",0,54.4810180664062,66.1223009912147,65.9608543185546,20,1.75143733576916,35,11,3,150,0,0,3483,1147,44.9002528800225,44.9002528800225,58.843537414966,58.843537414966,3,"RAP Llanos"
"511",76606,"Restrepo","Valle del Cauca","Centro Del Valle",0,29.7907238006592,63.8629092806285,59.3087767224137,2,-0.520737073761175,31,10,0,95,0,0,11160,3648,42.9576126211747,42.6915035164417,38.7561867871745,37.5080697224016,3,"RAP Pacífico"
"512",66456,"Mistrató","Risaralda","Eje Cafetero",0,52.5565376281738,66.6583208560132,59.4529530216511,2,1.79598683622036,63,20,15,288,0,0,10213,6643,48.6070736434108,48.5949612403101,52.2900763358779,52.4491094147583,3,"RAP Eje Cafetero"
"513",19075,"Balboa","Cauca","Patia",1,58.1362266540527,58.1977661997346,52.3687468137281,23,-0.280329549949655,33,16,1,136,561.5,0,15982,12166,40.868426794676,40.9447959851626,43.711861884209,43.7416282184849,2,"RAP Pacífico"
"514",5240,"Ebéjico","Antioquia","Occidente Antioqueño",0,44.6907539367676,67.9593982190126,58.9056473840663,2,-0.354481602711526,0,7,0,130,0,0,9811,7409,30.6793770139635,30.6525241675618,37.2631060792518,37.1646566576421,2,"RAP del Agua y la Montaña"
"515",13760,"Soplaviento","Bolívar","Canal Del Dique",0,51.3135108947754,46.2766057647053,49.9393672745489,0,-0.94817107258197,0,0,0,7,0,0,8052,117,69.2819953989587,69.3667514226904,0,0,1,"RAP Caribe"
"516",86571,"Puerto Guzmán","Putumayo","Medio Putumayo",1,99.0406723022461,56.1989068004356,60.2205959358129,35,0.451332693989093,40,44,0,473,1457.47,228.21,23354,19788,37.9103967168263,37.8248974008208,45.8793872406438,45.8793872406438,1,"RAP Amazonia"
"517",15621,"Rondón","Boyacá","Altiplano Cundiboyacense",0,42.3822898864746,50.8069934805078,54.8460673850068,0,-0.979425260374443,0,0,0,1,0,0,1740,1279,52.1984216459977,52.1984216459977,61.0136452241715,61.0136452241715,1,"RAP (E) Central"
"518",13062,"Arroyohondo","Bolívar","Canal Del Dique",0,67.8015823364258,61.5357016793098,53.9046773524376,1,-0.844952041704932,0,1,0,22,0,0,6086,2717,64.3735920984231,64.2696239819789,72.2571111932028,71.9615810860731,2,"RAP Caribe"
"519",47245,"El Banco","Magdalena","Sur De Magdalena",0,62.1208038330078,47.0191633015879,57.5515813461082,3,-0.582859995145413,13,28,0,346,0,0,46537,17866,48.6910655923373,48.7040093194835,59.1491448537976,59.2594862992705,4,"RAP Caribe"
"520",47258,"El Piñon","Magdalena","Cienaga Grande De Santa Marta",0,58.9670906066895,52.9008066395405,54.4010719187992,0,-0.596583742981005,3,7,0,133,0,0,17029,11960,52.6185488478385,50.8474576271186,63.0386052303861,62.9514321295143,2,"RAP Caribe"
"521",68673,"San Benito","Santander","Provincia De Velez",0,33.8964080810547,66.1959138672812,60.3488521677548,0,-0.748364508139089,7,0,0,26,0,0,2325,2015,54.0601930721181,54.1737649063032,58.0547112462006,58.0547112462006,2,"RAP Gran Santander"
"522",81794,"Tame","Arauca","Sarare",1,74.2029418945312,67.0388698913658,65.4810299465701,81,6.09098438996928,633,191,0,1681,0,0,32861,12813,48.6366760864584,48.6214007484916,45.9014142523685,45.8876836468488,5,"RAP Llanos"
"523",73408,"Lérida","Tolima","Norte Del Tolima",0,26.9435138702393,63.9142713386401,61.3999338313367,0,0.00700239442935904,9,51,0,242,0,0,14121,3386,47.6547987616099,46.5789473684211,49.520233625365,49.5619524405507,3,"RAP (E) Central"
"524",5789,"Támesis","Antioquia","Suroeste Antioqueño",0,28.9553871154785,60.00729341327,58.0138240112606,0,-0.0106987456700964,23,12,0,209,0,0,13118,6443,43.031968031968,43.1152181152181,48.1640625,48.4375,5,"RAP del Agua y la Montaña"
"525",15660,"San Eduardo","Boyacá","Altiplano Cundiboyacense",0,38.983829498291,65.203486886548,57.4435106085614,0,0.258587731568945,4,6,0,28,0,0,1302,693,54.1666666666667,54.1666666666667,0,0,2,"RAP (E) Central"
"526",5364,"Jardín","Antioquia","Suroeste Antioqueño",0,31.1901054382324,66.9289057541164,61.7964156826003,1,1.3063380292103,22,120,0,226,0,0,11818,4746,45.1319849160096,45.1748371614673,39.5588235294118,39.7058823529412,4,"RAP del Agua y la Montaña"
"527",15686,"Santana","Boyacá","Altiplano Cundiboyacense",0,36.498950958252,56.3142546269424,64.4598324466722,0,-0.854449105585374,0,3,0,13,0,0,5662,3537,50.4682322431926,50.4682322431926,0,0,3,"RAP (E) Central"
"528",17541,"Pensilvania","Caldas","Eje Cafetero",0,30.53076171875,61.7533481676789,61.0358894016487,0,1.57005033261478,44,40,16,312,0,0,14763,7976,50.2979092189362,50.2870761564294,51.0304480787129,51.0304480787129,4,"RAP Eje Cafetero"
"529",50606,"Restrepo","Meta","Piedemonte Llanero",0,26.9975414276123,64.5926343239716,65.4119721312553,0,0.191291845111133,31,33,0,116,0,0,13762,4690,48.5776946397471,49.1517770754048,0,0,3,"RAP (E) Central"
"530",73411,"Líbano","Tolima","Norte Del Tolima",0,29.6552486419678,58.1646970425309,59.7741484233621,1,0.0521878583903417,82,44,0,320,0,0,27419,9133,41.2243710920459,41.2461829286026,43.4143781703691,43.4143781703691,2,"RAP (E) Central"
"531",54245,"El Carmen","Norte de Santander","Catatumbo",1,69.0070037841797,67.4921818704033,60.506057203938,20,2.44985938497209,24,215,3,275,887.6,0,9086,7201,47.0294426919033,47.2397476340694,46.56229825694,46.4977404777276,3,"RAP Gran Santander"
"532",5425,"Maceo","Antioquia","Nordeste Antioqueño",0,40.9128341674805,59.4995515300972,63.0622486500077,0,4.28433407838572,28,139,0,300,0,0,6035,3340,39.6386822529224,39.6209705986539,43.6792916871618,43.6792916871618,4,"RAP del Agua y la Montaña"
"533",25781,"Sutatausa","Cundinamarca","Altiplano Cundiboyacense",0,36.1775436401367,64.6755068145944,62.6586758189162,0,-1.02402435125093,NA,NA,NA,NA,0,0,4749,2784,49.0812830893803,49.112426035503,51.5274949083503,51.5274949083503,2,"RAP (E) Central"
"534",54250,"El Tarra","Norte de Santander","Catatumbo",1,80.0335540771484,59.0061678971245,61.5218169610697,34,2.5040867523064,104,42,1,450,6248.08,0,12986,7017,33.4563612679114,33.5323491098567,35.4381443298969,35.5240549828179,1,"RAP Gran Santander"
"535",54261,"El Zulia","Norte de Santander","Area Metropolitana De Cucuta",0,49.0737762451172,71.9457318557898,58.3871424600951,13,0.597060244803725,67,42,0,375,220.16,0,20275,7347,55.1462300527971,55.2233493504182,61.3785845830045,61.4312023151802,6,"RAP Gran Santander"
"536",19100,"Bolívar","Cauca","Patia",0,65.2414093017578,62.246505394,58.6603855263089,14,-0.00890320016460518,63,59,0,259,194.88,44.06,28910,25364,35.9286813750641,36.0184710107748,44.0924766892323,44.0371269212756,2,"RAP Pacífico"
"537",50680,"San Carlos de Guaroa","Meta","Piedemonte Llanero",0,40.2221221923828,59.9820132734657,68.6301153421714,1,-0.331038799136748,26,8,0,60,0,0,8574,4156,51.4608099939553,51.4406608905904,57.3197152584339,57.3816155988858,2,"RAP (E) Central"
"538",27205,"Condoto","Chocó","Valle De San Juan",1,81.4007263183594,44.2661514598255,59.3663071289539,3,-0.625628129519929,10,5,0,74,20.92,1415.48,8224,1999,47.5347959424393,47.8768577494692,63.0655586334257,64.3120960295475,3,"RAP Pacífico"
"539",66001,"Pereira","Risaralda","Eje Cafetero",0,18.0319366455078,76.0868715936821,72.3607055304802,3,-0.87614869282638,23,40,0,559,0,0,384416,56698,48.5258831370806,48.6180848700289,51.1644105969491,51.3687338921266,14,"RAP Eje Cafetero"
"540",41298,"Garzón","Huila","Sur Del Huila",0,33.7131843566895,55.846492216945,64.8415993967642,1,-0.125005609773263,23,20,7,172,0,0,51139,23470,49.6642594704168,49.7884201190929,48.7213599408721,48.6326681448633,4,"RAP (E) Central"
"541",63594,"Quimbaya","Quindío","Eje Cafetero",0,28.6627559661865,62.9058562042625,64.3968536923189,0,-1.01024964177369,0,5,0,64,0,0,25037,4247,52.8050713153724,52.8085930621588,56.8763326226013,57.0362473347548,5,"RAP Eje Cafetero"
"542",18001,"Florencia","Caquetá","Florencia Y Area De Influencia",1,30.3937225341797,72.645093324228,65.9294006190578,8,1.26977508143691,181,236,0,1946,41.84,0,125243,13952,47.389519817736,47.4895215568966,40.6341259908219,40.6341259908219,12,"RAP Amazonia"
"543",5660,"San Luis","Antioquia","Oriente Antioqueño",0,44.4641265869141,71.9461038967855,62.3555850805279,1,9.11688235017611,218,283,11,761,9.12,0,9179,3342,39.1608391608392,39.1108891108891,41.2055335968379,41.2714097496706,2,"RAP del Agua y la Montaña"
"544",25785,"Tabio","Cundinamarca","Altiplano Cundiboyacense",0,16.9124202728271,75.7037964098883,70.996920692487,0,-0.976607562430286,0,4,0,7,0,0,19498,11980,53.3263693934844,53.1957955213162,0,0,2,"RAP (E) Central"
"545",25793,"Tausa","Cundinamarca","Altiplano Cundiboyacense",0,32.2978210449219,68.4130409475513,65.2594880509764,0,-0.849214174030419,16,1,0,4,0,0,6320,4695,45.1842154479147,45.1842154479147,52.1951219512195,52.1951219512195,1,"RAP (E) Central"
"546",66572,"Pueblo Rico","Risaralda","Eje Cafetero",0,52.9059524536133,58.7566803888119,57.5308936140653,10,0.935716934312177,125,36,0,163,0,0,8715,6242,41.1065725956183,41.1065725956183,52.4189646831156,52.3463957426222,2,"RAP Eje Cafetero"
"547",8675,"Santa Lucía","Atlántico","Canal Del Dique",0,63.6559295654297,33.0890268038501,53.315224741588,0,-0.923578918018787,2,0,0,9,0,0,11653,1685,67.0136762604613,66.8605837926107,72.2276741903827,73.1108930323847,2,"RAP Caribe"
"548",15740,"Siachoque","Boyacá","Altiplano Cundiboyacense",0,44.9045791625977,63.6619801420539,58.9282987527991,0,-0.963678855294268,2,0,0,3,0,0,4464,3544,52.0396912899669,51.9609387305087,0,0,2,"RAP (E) Central"
"549",25797,"Tena","Cundinamarca","Altiplano Cundiboyacense",0,29.8924751281738,67.5074401976354,66.2364831646229,0,-0.96150815086903,1,1,0,5,0,0,8596,7229,47.753659767794,47.8293791014639,46.8711147948612,46.8711147948612,1,"RAP (E) Central"
"550",73443,"Mariquita","Tolima","Norte Del Tolima",0,28.8507232666016,74.4399756051512,67.4234455594954,1,-0.522198715455066,6,24,0,309,0,0,28836,7057,40.1848909432327,40.1812797919977,42.7184466019417,43.4119278779473,4,"RAP (E) Central"
"551",5197,"Cocorná","Antioquia","Oriente Antioqueño",0,47.7052803039551,65.0147490901496,57.0342312639938,0,6.17394699101313,148,297,4,785,0,0,11014,5542,48.8376488376488,48.5163485163485,43.001497005988,43.001497005988,3,"RAP del Agua y la Montaña"
"552",76377,"La Cumbre","Valle del Cauca","Sur Del Valle",0,23.511157989502,58.2251398047494,59.8072555120951,1,-0.785583973133867,5,4,0,63,0,0,12844,10277,41.097372488408,41.2828438948995,48.6053955189758,48.3158055174516,2,"RAP Pacífico"
"553",52256,"El Rosario","Nariño","Patia",1,92.3473205566406,57.8474988444786,58.2816297093523,9,-0.0826292629132545,23,10,0,145,1576.82,0,9233,7892,48.5041374920433,48.5996180776575,52.2636103151862,52.4355300859599,3,"RAP Pacífico"
"554",15673,"San Mateo","Boyacá","Altiplano Cundiboyacense",0,49.5655746459961,60.9944460646513,57.745842024367,0,-0.740839782736972,2,2,0,18,0,0,2341,1471,48.7503763926528,48.8105992171033,47.0059880239521,47.0059880239521,2,"RAP (E) Central"
"555",50689,"San Martín","Meta","Piedemonte Llanero",0,29.3220520019531,69.2154611073003,68.1947005107363,6,1.22798917739502,105,53,0,526,0,0,18841,4800,53.1628689047371,53.1454745752885,48.9256198347107,48.9256198347107,4,"RAP (E) Central"
"556",52258,"El Tablón de Gómez","Nariño","Norte De Nariño",0,59.1450347900391,65.5722315503099,62.5040107305427,0,1.89555409138161,13,246,0,28,0,0,10891,9661,69.3740685543964,69.4237456532538,72.808764940239,72.7803073420603,1,"RAP Pacífico"
"557",17614,"Riosucio","Caldas","Eje Cafetero",0,51.4622192382812,71.1990934600434,63.9079052533622,1,0.213425417183802,49,96,3,361,0,0,39253,22654,50.8601676224085,50.9524000481213,58.0363000218675,58.0363000218675,2,"RAP Eje Cafetero"
"558",52260,"El Tambo","Nariño","Centro De Nariño",0,63.9960632324219,55.973049589868,58.6680449908714,0,-0.967075229478233,0,2,0,27,115.58,0,10834,6850,59.4333996023857,57.544731610338,70.3536493604214,70.2784048156509,3,"RAP Pacífico"
"559",86755,"San Francisco","Putumayo","Alto Putumayo",0,51.7916641235352,54.3912793236427,56.381738974986,0,-0.7222401501592,5,9,2,8,0,0,4212,1672,62.3777276147479,62.3777276147479,74.7747747747748,74.9034749034749,2,"RAP Amazonia"
"560",52520,"Francisco Pizarro","Nariño","Anden Pacifico Sur",1,69.719352722168,55.285043815729,59.2421922403356,1,-1.02031789667266,1,2,0,12,501.53,0,9000,5644,NA,NA,NA,NA,2,"RAP Pacífico"
"561",44110,"El Molino","La Guajira","Serrania Del Perija",0,54.2219429016113,51.0729886113962,60.5940192247277,1,-0.499919013916526,15,10,0,44,0,0,5846,311,68.5966101694915,68.4610169491525,0,0,3,"RAP Caribe"
"562",73449,"Melgar","Tolima","Norte Del Tolima",0,25.7972068786621,69.8833740252674,71.8435138106777,0,-1.02388378509719,5,7,0,41,0,0,28220,5130,47.8846452414221,48.2068001863065,43.2829373650108,43.9308855291577,4,"RAP (E) Central"
"563",73461,"Murillo","Tolima","Norte Del Tolima",0,45.8248672485352,61.5126151982017,58.7639187491076,0,-0.342092439472888,22,11,0,31,0,0,2860,1561,35.5290611028316,35.7675111773472,47.7516059957173,47.7516059957173,2,"RAP (E) Central"
"564",13580,"Regidor","Bolívar","Magdalena Medio",0,66.7318878173828,42.3462774714326,49.3237617366789,0,-0.652439788055767,0,9,0,34,0,0,4602,1781,56.6321058276725,56.7393636038613,61.7647058823529,61.7647058823529,1,"RAP Caribe"
"565",70221,"Coveñas","Sucre","Morrosquillo Y Sabanas De Sucre",0,56.2022399902344,55.8367672551254,58.3539265599147,0,-0.977517054471207,4,1,0,30,0,0,14572,5646,57.8920890454031,58.0304364230914,64.9443561208267,64.9178590355061,2,"RAP Caribe"
"566",76616,"Riofrío","Valle del Cauca","Centro Del Valle",0,33.3299255371094,75.3445445983469,62.8191051949271,0,-0.169158643415158,36,20,0,159,0,0,11214,5728,44.7038370793493,44.7907612070036,44.7341643347749,44.7468837445942,4,"RAP Pacífico"
"567",20060,"Bosconia","Cesar","Sierra Nevada De Santa Marta",0,55.7733535766602,56.86293859951,62.8814170728375,3,0.278607775904591,20,71,0,546,0,0,29041,1822,50.873598331036,50.8810490630704,62.3028391167192,62.3028391167192,5,"RAP Caribe"
"568",19110,"Buenos Aires","Cauca","Norte Del Cauca",1,56.8387489318848,42.8596728805215,53.3834461577864,34,0.365959710437038,100,11,0,308,930.43,39.05,22446,21870,35.0170815031723,35.6515373352855,45.8694396302715,45.6053478583808,4,"RAP Pacífico"
"569",73483,"Natagaima","Tolima","Sur Del Tolima",0,51.8143844604492,61.7625166744494,58.9594186496601,0,-0.228351256146416,39,18,0,223,0,0,11168,4947,42.6139817629179,42.6823708206687,58.7708066581306,56.8501920614597,4,"RAP (E) Central"
"570",15753,"Soatá","Boyacá","Altiplano Cundiboyacense",0,46.913158416748,56.3583929133365,59.0493112882395,0,-0.982700780080151,0,0,0,3,0,0,6882,1896,54.5514861995754,54.5647558386412,0,0,4,"RAP (E) Central"
"571",68679,"San Gil","Santander","Provincia De Guanenta",0,16.0118179321289,71.3521441735085,72.7679476438941,2,-1.02624332516572,8,4,0,32,0,0,45852,5638,51.2388528577219,51.1375152006486,53.0010718113612,53.1618435155413,4,"RAP Gran Santander"
"572",63548,"Pijao","Quindío","Eje Cafetero",0,25.2622261047363,61.1149112798189,56.0837482762132,0,-0.341258610291134,53,2,0,40,0,0,3972,1573,50.9782207456626,50.9966777408638,47.667638483965,47.8134110787172,2,"RAP Eje Cafetero"
"573",27135,"El Cantón del San Pablo","Chocó","Valle De San Juan",0,64.6223220825195,56.8767843503161,53.1263027900907,0,-0.704271876271327,9,5,0,21,19.22,5597.92,4022,2361,51.3152400835073,52.1503131524008,51.6469594594595,56.3344594594595,1,"RAP Pacífico"
"574",13655,"San Jacinto del Cauca","Bolívar","La Mojana",0,90.4276885986328,36.5283736152922,52.8398792447218,1,-0.626637732441933,0,8,0,61,168.98,16.22,7093,5414,51.6442953020134,51.7114093959732,58.4203821656051,58.343949044586,3,"RAP Caribe"
"575",68682,"San Joaquín","Santander","Provincia De Guanenta",0,50.7490539550781,60.288452144727,55.881072059169,0,-1.12585743777227,0,0,0,1,0,0,1628,938,55.2078676799285,55.2525704067948,0,0,2,"RAP Gran Santander"
"576",19130,"Cajibío","Cauca","Norte Del Cauca",1,61.8798789978027,70.1152566820396,58.6468046134674,14,0.523580342268637,89,61,4,160,325.62,0,30948,29699,43.8620274137671,43.9072149420093,44.898315948954,44.8516986189616,4,"RAP Pacífico"
"577",52287,"Funes","Nariño","Sur De Nariño",0,55.0696907043457,64.483944819092,59.6033358467884,0,-0.447810854310318,0,11,4,11,0,0,5504,3153,59.7076023391813,59.9122807017544,62.666076173605,62.7103631532329,1,"RAP Pacífico"
"578",19137,"Caldono","Cauca","Norte Del Cauca",1,79.8007583618164,56.5977874387663,53.9264683641608,49,0.389325070128385,94,20,5,77,66.11,0,27230,26080,47.3124461052026,47.2980741592412,45.7001102535832,45.7138919514884,3,"RAP Pacífico"
"579",52317,"Guachucal","Nariño","Sur De Nariño",0,63.0485992431641,66.8994152404809,63.2020970646713,3,-0.89878983720384,10,9,0,11,0,0,15178,12781,48.8412852969815,48.8997078870497,60.9149676777723,60.5420188960716,3,"RAP Pacífico"
"580",15757,"Socha","Boyacá","Altiplano Cundiboyacense",0,30.709342956543,55.2733673464997,63.3227481854016,0,-0.5458935196449,33,6,0,10,0,0,5795,2590,41.1975435005118,41.2316615489594,51.8796992481203,51.8796992481203,3,"RAP (E) Central"
"581",52320,"Guaitarilla","Nariño","Centro Occidente De Nariño",0,71.6851425170898,68.9218004332663,60.1809469181249,0,-0.985883648512042,12,1,0,1,0,0,8890,5487,56.9267201683989,56.8346270227602,57.8448786264062,57.7560686796921,3,"RAP Pacífico"
"582",15755,"Socotá","Boyacá","Altiplano Cundiboyacense",0,68.442756652832,57.4016195616483,60.168628744685,3,-0.484239654628628,39,5,0,22,0,0,4959,3798,42.0392335766423,42.0392335766423,47.9524438573316,48.0184940554822,4,"RAP (E) Central"
"583",15759,"Sogamoso","Boyacá","Altiplano Cundiboyacense",0,15.3910970687866,69.71630193609,72.2657062268234,0,-0.859860723588742,5,52,0,67,0,0,100924,10492,54.7488735025827,54.7279920870425,50.5813953488372,50.5813953488372,7,"RAP (E) Central"
"584",54313,"Gramalote","Norte de Santander","Provincia De Ricaurte",0,37.439136505127,54.7430892286473,55.8967634885794,0,-0.842002367484222,9,0,0,23,0,0,5911,3673,52.3412601127727,52.3167443000735,69.2941176470588,69.7647058823529,2,"RAP Gran Santander"
"585",50683,"San Juan de Arama","Meta","Ariari Guayabero",0,55.0491065979004,68.2237206390457,65.0350800590776,3,3.10184797873026,113,46,0,446,15.7,0,6404,3158,44.3169747185044,44.295729764181,48.0086893555395,47.9362780593773,3,"RAP (E) Central"
"586",17616,"Risaralda","Caldas","Eje Cafetero",0,28.5736045837402,59.3124013336319,60.2121371906196,0,-0.17438861345694,12,18,2,58,0,0,8136,4276,45.6182336182336,45.7549857549858,36.2405200433369,36.1321776814735,1,"RAP Eje Cafetero"
"587",5659,"San Juan de Urabá","Antioquia","Uraba",0,83.6450042724609,73.5811676413893,53.8877944577034,0,-0.42950550777557,9,22,0,150,0,0,13069,7663,39.7299903567985,39.7589199614272,45.8552631578947,45.9736842105263,2,"RAP del Agua y la Montaña"
"588",19142,"Caloto","Cauca","Norte Del Cauca",1,44.8011169433594,64.3600962406072,67.0724147825756,47,0.925334195456709,108,43,1,213,8.06,0,21804,17995,51.4063549966401,51.5791494672171,56.3808065339459,56.8657478305258,1,"RAP Pacífico"
"589",25815,"Tocaima","Cundinamarca","Suroccidente De Cundinamarca",0,36.0875015258789,65.0592912163346,64.9932507383099,0,-0.752536817491813,3,12,0,50,0,0,14077,4686,42.0436570705473,42.1781081936096,40.7624633431085,40.7624633431085,4,"RAP (E) Central"
"590",27245,"El Carmen de Atrato","Chocó","Atrato",0,38.5171089172363,64.4073047910361,55.966855116236,11,2.62349970619054,116,64,13,224,0,0,5658,3849,41.6125860373648,41.7895771878073,47.6495726495726,48.0769230769231,2,"RAP Pacífico"
"591",15761,"Somondoco","Boyacá","Altiplano Cundiboyacense",0,36.9076881408691,55.6410376945862,60.5852999878574,0,-0.84295689248134,0,1,0,10,0,0,2386,1813,45.9970348406227,45.9970348406227,0,0,1,"RAP (E) Central"
"592",25817,"Tocancipá","Cundinamarca","Altiplano Cundiboyacense",0,23.028507232666,78.8868655757332,81.3656034991522,0,-1.01333852178645,0,1,0,2,0,0,34860,18309,58.1094642581442,58.086305388297,0,0,3,"RAP (E) Central"
"593",50686,"San Juanito","Meta","Piedemonte Llanero",0,23.2893447875977,54.3857106027861,60.3440694557877,0,-0.209157192337902,46,3,0,12,0,0,831,387,50.5355404089581,50.4381694255112,63.2786885245902,63.2786885245902,1,"RAP (E) Central"
"594",76622,"Roldanillo","Valle del Cauca","Norte Del Valle",0,23.2240467071533,62.4803709082027,61.3954400279974,0,-0.860632897479885,0,12,0,163,0,0,27764,6374,52.1111839782071,52.2171215255007,56.5298100021839,56.6608429788163,4,"RAP Pacífico"
"595",27250,"El Litoral del San Juan","Chocó","Valle De San Juan",1,88.911506652832,53.7991892286404,59.3714048173686,39,-0.904044471930721,2,0,0,29,63.54,0,13184,12299,44.5822994210091,44.5822994210091,52.6778577138289,53.0575539568345,1,"RAP Pacífico"
"596",85410,"Tauramena","Casanare","Piedemonte Llanero",0,39.4883422851562,70.1942054928153,72.9079851999327,1,0.553332180482256,67,50,0,318,0,0,17250,6173,61.3342898134864,60.8177905308465,68.0163599182004,67.6073619631902,5,"RAP Llanos"
"597",86757,"San Miguel","Putumayo","Bajo Putumayo",1,69.4607849121094,46.6648290065935,59.5547489468994,11,3.66437070531918,109,50,24,766,4106.15,0,13348,9439,38.2189844514516,38.2733500054366,35.8219669777459,35.8219669777459,1,"RAP Amazonia"
"598",41306,"Gigante","Huila","Centro Del Huila",0,33.8260459899902,67.0969123418695,64.3311833153995,1,-0.0468962150461654,51,21,3,155,0,0,17425,10358,45.9909228441755,45.9909228441755,49.2710120068611,49.2995997712979,3,"RAP (E) Central"
"599",5400,"La Unión","Antioquia","Oriente Antioqueño",0,23.4945507049561,69.6922897734504,64.8433984574369,0,2.1499718748806,60,183,0,412,0,0,17260,5856,49.9134306208261,49.9938164729162,43.9878234398782,43.9878234398782,4,"RAP del Agua y la Montaña"
"600",44279,"Fonseca","La Guajira","Sierra Nevada De Santa Marta",1,45.4634552001953,57.1840898563909,58.1022045727531,3,-0.245029098806067,13,34,0,340,0,0,29938,3449,49.7600438776909,49.4720965309201,66.0107666604789,65.3053647670317,2,"RAP Caribe"
"601",5541,"Peñol","Antioquia","Oriente Antioqueño",0,24.6109313964844,74.6289663623613,65.9298693550883,0,0.852163987894825,35,41,0,366,0,0,16954,7285,43.9606045589693,43.9358275520317,0,0,1,"RAP del Agua y la Montaña"
"602",5576,"Pueblorrico","Antioquia","Suroeste Antioqueño",0,34.2215805053711,60.7896062564705,56.0567087882812,0,-0.0393164096427865,6,1,0,136,0,0,6654,2723,41.7712787970755,41.74368878466,0,0,2,"RAP del Agua y la Montaña"
"603",18410,"La Montañita","Caquetá","Florencia Y Area De Influencia",1,67.2153701782227,71.298213796995,61.8287657446829,8,1.55800364740596,121,55,1,522,694.79,0,9341,7322,36.5668016194332,36.7449392712551,39.2493511678978,39.2693152325814,3,"RAP Amazonia"
"604",20175,"Chimichagua","Cesar","Serrania Del Perija",0,70.765266418457,50.0094980297582,56.5158302592219,3,-0.439763236290715,6,26,1,187,0,0,23434,13890,42.9750154225787,43.8926588525601,54.1778493469315,53.6679191268563,4,"RAP Caribe"
"605",73504,"Ortega","Tolima","Sur Del Tolima",0,67.9178619384766,68.2458692473805,63.2348501828789,0,-0.553601647563485,38,18,0,141,0,0,23679,18176,40.1618363471225,40.1453224341508,52.6360043723199,52.6360043723199,4,"RAP (E) Central"
"606",15762,"Sora","Boyacá","Altiplano Cundiboyacense",0,39.9287643432617,62.200634290171,58.9771875204964,0,-0.979480331409235,0,0,0,1,0,0,2146,1715,59.0545177277926,59.0926420129623,0,0,2,"RAP (E) Central"
"607",17524,"Palestina","Caldas","Eje Cafetero",0,31.2179412841797,65.9867639976652,64.8156477193843,0,-0.823279205431698,0,1,0,60,0,0,11876,7251,46.9401787760715,47.0662388264955,49.4245625098534,49.6925744915655,2,"RAP Eje Cafetero"
"608",41319,"Guadalupe","Huila","Sur Del Huila",0,42.3139762878418,69.3015026940703,62.7444863204532,0,-0.781753617324091,11,8,0,50,0,0,12222,8434,47.0359392367544,47.0452019266395,52.892131318395,52.892131318395,1,"RAP (E) Central"
"609",15764,"Soracá","Boyacá","Altiplano Cundiboyacense",0,45.1657905578613,64.9065049910906,60.7479947404742,0,-0.996791461062978,NA,NA,NA,NA,0,0,4096,2936,57.2851346366654,57.3404647731464,0,0,4,"RAP (E) Central"
"610",73520,"Palocabildo","Tolima","Norte Del Tolima",0,40.2290458679199,58.632272547279,58.1775048056907,0,-0.453008360132698,7,9,0,92,0,0,6880,4588,44.1517386722866,44.1517386722866,0,0,1,"RAP (E) Central"
"611",68686,"San Miguel","Santander","Provincia De Garcia Rovira",0,59.2606964111328,67.6384397849422,58.685808294357,0,-0.953124740144885,8,1,0,4,0,0,1832,1290,42.3197492163009,42.3197492163009,49.5894909688013,49.5894909688013,3,"RAP Gran Santander"
"612",52323,"Gualmatán","Nariño","Sur De Nariño",0,37.0437355041504,75.4624765587001,60.5997011245642,0,-1.06833541211459,0,0,0,3,0,0,5609,3201,58.6395450568679,58.4864391951006,66.1237785016287,66.1237785016287,2,"RAP Pacífico"
"613",70233,"El Roble","Sucre","Morrosquillo Y Sabanas De Sucre",0,71.4006652832031,42.7494491813288,54.7092090235382,2,-0.553979157735287,6,5,0,89,0,0,7415,4296,70.4002013591744,70.5260508431915,74.5093346098612,74.3896601244615,2,"RAP Caribe"
"614",5347,"Heliconia","Antioquia","Occidente Antioqueño",0,36.8073806762695,66.6815659336089,60.169942590562,0,0.324140956311678,6,0,0,157,0,0,4404,2259,39.8763108362463,39.8763108362463,45.8350430857612,45.8760771440295,2,"RAP del Agua y la Montaña"
"615",52352,"Iles","Nariño","Sur De Nariño",0,51.8008766174316,66.3901624708401,57.3566705478729,0,-1.08403065689425,0,0,0,2,0,0,5715,4139,53.7546600390556,53.7546600390556,53.7147102526003,53.7147102526003,3,"RAP Pacífico"
"616",17653,"Salamina","Caldas","Eje Cafetero",0,24.4040184020996,66.3983602178135,54.0539359162489,0,-0.359713183122495,15,17,0,142,0,0,15371,5532,48.3268653437797,48.4147323716775,49.5952509444145,49.5952509444145,2,"RAP Eje Cafetero"
"617",5585,"Puerto Nare","Antioquia","Magdalena Medio",0,39.8489532470703,63.6753979276927,64.1035924251769,0,0.665347756295429,6,8,0,528,0,161.98,10845,6613,45.730732331308,45.6028141989127,48.3592400690846,48.0483592400691,2,"RAP del Agua y la Montaña"
"618",73547,"Piedras","Tolima","Norte Del Tolima",0,37.9770545959473,65.1097419597212,65.7105268920388,0,-0.950818337408215,0,4,0,10,0,0,5099,3288,56.5996908809892,56.5687789799073,54.9324600900532,54.8915268112976,2,"RAP (E) Central"
"619",5591,"Puerto Triunfo","Antioquia","Magdalena Medio",0,37.5554046630859,76.1794358924195,68.08623711004,0,0.925172453764338,36,26,0,507,0,0,14035,10951,36.17395124094,36.1959147814628,47.7543742338125,47.7097960548312,1,"RAP del Agua y la Montaña"
"620",41349,"Hobo","Huila","Centro Del Huila",0,38.9424743652344,58.1687845936471,61.2333111267526,1,-0.512413150322281,10,11,0,31,0,0,5073,1213,45.3590192644483,45.3415061295972,0,0,2,"RAP (E) Central"
"621",68689,"San Vicente de Chucurí","Santander","Magdalena Medio",0,32.3374862670898,65.8151857463602,67.4021177513981,0,1.56420036236246,180,38,0,744,0,0,24430,14069,40.1613652194103,40.0975156721616,43.1706687322489,43.0673896204493,2,"RAP Gran Santander"
"622",5761,"Sopetrán","Antioquia","Occidente Antioqueño",0,35.9231948852539,64.3215431914294,62.4843633347508,1,0.681288651452531,7,9,2,369,0,0,12183,6155,46.2041226747109,46.2041226747109,51.8784297171802,50.738708315745,2,"RAP del Agua y la Montaña"
"623",70235,"Galeras","Sucre","Morrosquillo Y Sabanas De Sucre",0,54.0527153015137,59.2184144055913,58.1178645510497,1,-0.3866393313422,29,21,2,62,0,0,16065,7351,66.4270544028753,66.4515602025813,68.6134852801519,68.2811016144349,4,"RAP Caribe"
"624",66594,"Quinchía","Risaralda","Eje Cafetero",0,39.7665710449219,75.8852566478188,59.8563876529234,0,1.18589011439976,106,103,0,672,0,0,19996,13588,53.9620126624459,53.948683772076,55.5684679449932,55.5103621925237,3,"RAP Eje Cafetero"
"625",27361,"Istmina","Chocó","Valle De San Juan",1,82.1617431640625,46.9433971998523,55.493807996803,11,-0.436222256923487,23,15,0,154,462.79,2626.11,20385,5916,46.2130646439488,45.8451262311785,54.4226694915254,53.7341101694915,4,"RAP Pacífico"
"626",41357,"Iquira","Huila","Centro Del Huila",0,48.3670768737793,63.1007442548325,54.8861157809962,2,-0.761073556951322,22,1,0,27,0,0,6147,4250,53.5305089261924,53.5571542765787,55.8181274304517,55.8480406820221,3,"RAP (E) Central"
"627",5308,"Girardota","Antioquia","Valle De Aburra",0,18.0846557617188,78.0761295675497,73.1965302652847,0,-0.528364200223359,6,15,0,336,0,0,44380,17472,43.8349845133229,43.8723282736199,43.1338891613536,43.1338891613536,5,"RAP del Agua y la Montaña"
"628",52354,"Imués","Nariño","Sur De Nariño",0,56.8558807373047,59.7930679228848,61.9415174510169,1,-1.00818483416361,0,1,0,10,0,0,5967,5193,64.1436464088398,64.0883977900553,62.6170259089919,62.5299368604398,2,"RAP Pacífico"
"629",47268,"El Retén","Magdalena","Cienaga Grande De Santa Marta",0,60.2174377441406,52.6945175472228,59.6731576840532,2,-0.642675448461152,0,9,0,141,0,0,13625,2974,60.0776114674903,60.1330482299834,71.6643741403026,71.6643741403026,2,"RAP Caribe"
"630",25841,"Ubaque","Cundinamarca","Altiplano Cundiboyacense",0,41.4477691650391,57.6928484929641,63.9542472846286,0,-0.837914735116512,6,1,0,16,0,0,5716,4262,43.6763412489006,43.570800351803,0,0,2,"RAP (E) Central"
"631",19212,"Corinto","Cauca","Norte Del Cauca",1,58.6421966552734,61.217513304075,59.3121985550463,60,0.97721632000141,148,44,0,353,11.34,0,18751,9561,47.3571192599934,47.3488602576809,47.6400140894681,47.6576259246213,4,"RAP Pacífico"
"632",52356,"Ipiales","Nariño","Sur De Nariño",0,31.6409168243408,77.4540657208905,67.4593317891804,10,-0.591102355449717,50,40,0,153,1282.11,0,85652,27951,46.697171078912,46.7891685126678,48.1225375894508,48.1386186379352,8,"RAP Pacífico"
"633",63690,"Salento","Quindío","Eje Cafetero",0,25.2969608306885,67.3907295850435,61.2532362745797,0,-0.456663360159235,19,16,0,26,0,0,7606,4245,51.4525248586469,51.6474946383311,48.6559139784946,48.6559139784946,5,"RAP Eje Cafetero"
"634",25843,"Ubaté","Cundinamarca","Altiplano Cundiboyacense",0,26.2375965118408,68.6037105811566,71.2116524185403,0,-0.985400090908669,1,5,0,8,0,0,36467,7372,47.6888747210711,47.6793114440548,48.5314685314685,48.6713286713287,2,"RAP (E) Central"
"635",5658,"San José de La Montaña","Antioquia","Norte De Antioquia",0,26.1082324981689,73.5845137453573,58.799767825897,1,0.88468724952651,12,13,0,73,0,0,2674,834,37.2107567229518,37.2420262664165,0,0,1,"RAP del Agua y la Montaña"
"636",15763,"Sotaquirá","Boyacá","Altiplano Cundiboyacense",0,32.0680465698242,65.4043771740074,61.1009482822001,0,-0.942218252360683,0,3,0,1,0,0,5799,4931,53.7545611676589,53.9082004993278,56.4885496183206,56.4885496183206,2,"RAP (E) Central"
"637",5154,"Caucasia","Antioquia","Bajo Cauca Antioqueño",1,47.5777931213379,74.8400030105845,65.4997638209884,42,0.148725627480216,67,57,0,1002,3.32,561.33,66039,6193,40.8253535417591,40.8586467119031,27.8598704964304,27.8764735181803,6,"RAP del Agua y la Montaña"
"638",73555,"Planadas","Tolima","Sur Del Tolima",1,61.7266235351562,56.1493738847204,60.6641040055927,5,3.36438812847879,134,30,31,354,0,0,16229,11299,37.0684695051784,37.3993095512083,46.9075418112969,46.8286525717892,1,"RAP (E) Central"
"639",17662,"Samaná","Caldas","Eje Cafetero",0,44.3754272460938,70.7189199966558,58.7930678475647,2,1.95632819287545,90,94,0,857,0,0.16,14473,9191,52.1748378177178,52.0791236839307,54.0854357798165,54.1571100917431,2,"RAP Eje Cafetero"
"640",54344,"Hacarí","Norte de Santander","Catatumbo",1,82.9528427124023,53.9904994631332,56.8337507380333,41,1.98333346352727,65,37,17,114,531.94,0,6264,5229,36.4383012820513,36.4983974358974,42.1238047307499,42.174131857071,2,"RAP Gran Santander"
"641",68705,"Santa Bárbara","Santander","Provincia De Soto",0,51.7210540771484,64.564063174088,59.9325154055438,1,-0.626952442244542,16,1,0,15,0,0,1842,1539,49.3435448577681,49.2341356673961,50.2142245072836,50.2142245072836,1,"RAP Gran Santander"
"642",25845,"Une","Cundinamarca","Altiplano Cundiboyacense",0,29.9548664093018,66.0644032000754,64.4634789462316,0,-0.371100385985652,63,6,0,8,0,0,5963,2419,56.3022558763212,56.3022558763212,56.7567567567568,56.7567567567568,2,"RAP (E) Central"
"643",8141,"Candelaria","Atlántico","Canal Del Dique",0,72.2064819335938,51.5098270930187,52.5736684678545,0,-0.926203734990583,0,2,0,6,0,0,11812,3241,74.166574980746,74.1885796017164,77.2768259693417,77.517282837391,3,"RAP Caribe"
"644",5480,"Mutatá","Antioquia","Uraba",1,65.7494659423828,58.2354155765796,57.2737265788455,7,6.10067139609543,341,93,5,1181,5.99,10.36,8927,4778,29.4262532599247,29.5711388003477,37.1666089366124,37.3051610668514,1,"RAP del Agua y la Montaña"
"645",47288,"Fundación","Magdalena","Sierra Nevada De Santa Marta",1,47.6844520568848,59.4361381967851,62.4173430919955,2,1.68019718943639,90,171,4,1404,0,0,47001,5964,48.8735748456302,48.854607911319,44.1977377461248,44.6166736489317,1,"RAP Caribe"
"646",52378,"La Cruz","Nariño","Norte De Nariño",0,50.4654846191406,67.3496988036913,58.588576957658,3,-0.574836810818769,45,9,0,32,0,0,14653,8383,64.0793201133145,64.1133144475921,79.6742939600082,79.4063079777365,2,"RAP Pacífico"
"647",5042,"Santafé de Antioquia","Antioquia","Occidente Antioqueño",0,47.6966247558594,69.9060710575411,66.4788733617192,4,0.860554235716264,62,72,0,414,0,0,20739,6302,35.1468332237563,35.0865658557966,42.6679744973026,42.7170181461501,2,"RAP del Agua y la Montaña"
"648",76670,"San Pedro","Valle del Cauca","Centro Del Valle",0,22.1921138763428,66.1974487888102,62.6456198059676,0,-0.663399736250944,11,6,0,119,0,0,12580,6578,44.841414509661,44.6105237574432,44.8307134220073,44.996977025393,2,"RAP Pacífico"
"649",52381,"La Florida","Nariño","Centro De Nariño",0,69.2921142578125,62.3444863539461,64.6030436123276,0,-1.06435807218783,0,0,0,7,40.87,0,7882,6357,68.8838138738224,68.9694547530688,76.0873521383076,76.0327570518653,2,"RAP Pacífico"
"650",15774,"Susacón","Boyacá","Altiplano Cundiboyacense",0,54.7732696533203,57.2566310747634,54.7972499199376,2,-0.848587891969861,1,0,0,10,0,0,2078,1522,55.2245069240453,55.2245069240453,65.3198653198653,65.3198653198653,2,"RAP (E) Central"
"651",5861,"Venecia","Antioquia","Suroeste Antioqueño",0,29.8479881286621,70.5428253503248,62.4641107087035,1,0.035616794185863,0,14,0,222,0,0,9721,4786,37.4159337816865,37.4030005173306,38.486940858601,38.4569198438907,3,"RAP del Agua y la Montaña"
"652",52385,"La Llanada","Nariño","Occidente De Nariño",0,68.3368377685547,54.8998700221441,61.1952812093479,1,0.378709042440252,13,30,6,14,142.44,2.68,4687,2460,58.5794655414909,58.6497890295359,61.013986013986,61.013986013986,2,"RAP Pacífico"
"653",68720,"Santa Helena del Opón","Santander","Magdalena Medio",0,54.7928657531738,55.1498652268471,57.4017921867008,0,0.722914635039687,11,25,3,58,2.4,0,2378,1697,36.7657221838286,36.7657221838286,45.4060462359218,45.4060462359218,3,"RAP Gran Santander"
"654",27372,"Juradó","Chocó","Litoral Pacifico",0,72.0251770019531,53.6697297164383,53.1729269378338,22,3.24809293485463,13,10,26,100,0,0,4000,2580,41.7126056596839,43.4399117971334,23.7142857142857,23.7142857142857,2,"RAP Pacífico"
"655",52390,"La Tola","Nariño","Anden Pacifico Sur",1,83.2823944091797,52.9960146745216,58.3565261361471,5,-0.803715665977416,6,2,2,9,661.19,0,4446,2660,48.1208935611038,48.0946123521682,55.4371002132196,54.6552949538024,1,"RAP Pacífico"
"656",15776,"Sutamarchán","Boyacá","Altiplano Cundiboyacense",0,44.4917297363281,52.6629020621751,63.0292569289708,0,-0.972231623188636,0,1,0,0,0,0,4590,2851,59.0088430361091,58.9719970523213,0,0,2,"RAP (E) Central"
"657",41359,"Isnos","Huila","Sur Del Huila",0,51.4000015258789,52.9337301342419,59.2606074755148,0,0.347794894857853,48,26,7,138,0,0,17881,13580,49.8981314395483,49.8981314395483,60.1710445937691,60.2321319486866,5,"RAP (E) Central"
"658",47318,"Guamal","Magdalena","Sur De Magdalena",0,62.3103485107422,41.1979624181904,51.6501181908726,2,-0.894265854954251,7,3,0,59,0,0,18922,13273,36.8207712532866,36.9193689745837,54.0576595271622,53.8797895204921,2,"RAP Caribe"
"659",54347,"Herrán","Norte de Santander","Suroriente De Norte De Santander",0,42.1794471740723,65.8271514981142,59.514431641528,1,-0.763510284877789,22,3,0,5,0,0,5472,4384,45.4463750748951,45.4164170161773,55.2577319587629,55.2577319587629,1,"RAP Gran Santander"
"660",15778,"Sutatenza","Boyacá","Altiplano Cundiboyacense",0,42.4337158203125,62.1744945606176,59.9513443931949,0,-0.985808312433708,0,0,0,1,0,0,3324,2599,54.8343291689299,54.8343291689299,0,0,1,"RAP (E) Central"
"661",5088,"Bello","Antioquia","Valle De Aburra",0,12.6385850906372,72.7549111422561,67.4781504925469,5,-0.029972776436629,76,34,0,2676,0,0,447065,10282,43.5301879555044,43.5541235136172,50.2966101694915,50.6779661016949,11,"RAP del Agua y la Montaña"
"662",41378,"La Argentina","Huila","Sur Del Huila",0,50.609691619873,69.6783787480456,57.9290356195185,0,-0.617503210812444,38,4,0,26,0,0,8684,5364,51.1091216552273,51.1588580523227,64.2696629213483,64.2696629213483,1,"RAP (E) Central"
"663",5212,"Copacabana","Antioquia","Valle De Aburra",0,14.429949760437,78.4982401234362,72.5454827802338,0,-0.473671188043566,22,9,0,392,0,0,68317,11266,45.0062125139973,45.038425549539,0,0,4,"RAP del Agua y la Montaña"
"664",17665,"San José","Caldas","Eje Cafetero",0,25.2313480377197,65.3149269861952,59.1907927766409,0,-0.93472741954352,0,1,0,7,0,0,3708,2453,54.4435040203132,54.2742276766822,46.7836257309942,46.7836257309942,1,"RAP Eje Cafetero"
"665",54385,"La Esperanza","Norte de Santander","Provincia De Ricaurte",0,62.6514358520508,65.2987536009379,63.4891792234283,0,0.387518113780357,5,29,0,238,4.72,0,7772,6434,49.9597099113618,49.9597099113618,49.7623340435994,49.7459432879856,4,"RAP Gran Santander"
"666",70265,"Guaranda","Sucre","La Mojana",0,77.4693832397461,52.1001285218726,61.9448950391965,1,0.47494362550303,14,48,9,95,0,0,12288,7475,53.0554117037804,53.0424650440186,65.6543745480839,65.762834417932,1,"RAP Caribe"
"667",73563,"Prado","Tolima","Sur Del Tolima",0,38.413948059082,62.2929903249397,61.0821811740808,0,-0.0621151639659269,30,16,0,93,0,0,6161,3244,47.9266826923077,47.9116586538462,50.8839354342813,50.9607993850884,2,"RAP (E) Central"
"668",17777,"Supía","Caldas","Eje Cafetero",0,28.4609432220459,65.6986672190595,65.0376952658968,0,-0.307429803915153,4,50,0,191,0,0,22095,10463,49.6188464364438,49.5178177810433,0,0,3,"RAP Eje Cafetero"
"669",68745,"Simacota","Santander","Magdalena Medio",0,51.023738861084,68.3897066884899,64.2524335607809,0,0.63095425002885,15,18,0,217,0,0,7388,5303,48.1303116147309,48.5835694050991,48.0632411067194,47.9446640316206,3,"RAP Gran Santander"
"670",15790,"Tasco","Boyacá","Altiplano Cundiboyacense",0,35.6575660705566,53.0826132042758,58.4571683260407,0,-0.642201692267922,14,6,1,3,0,0,4165,2872,39.9146861669714,40.036563071298,0,0,4,"RAP (E) Central"
"671",52399,"La Unión","Nariño","Norte De Nariño",0,36.7001342773438,57.167383439535,62.0891749556764,0,-0.862960900502566,4,8,0,84,0,0,24528,14705,51.743220807969,51.6404458850502,65.5799037947622,65.4195617316943,3,"RAP Pacífico"
"672",27413,"Lloró","Chocó","Atrato",0,84.8134078979492,52.0663110155526,49.5387261256802,6,-0.424088816683394,15,21,1,23,13.54,634.29,5286,3203,43.9423835832676,47.138910812944,45.144804088586,43.9182282793867,3,"RAP Pacífico"
"673",20178,"Chiriguaná","Cesar","Serrania Del Perija",0,64.1902389526367,49.8433641658752,67.4259740482312,2,0.628272575790938,25,98,0,296,0,0,19934,7921,51.619170984456,51.8329015544041,58.0467229072031,57.9656067488644,5,"RAP Caribe"
"674",47460,"Nueva Granada","Magdalena","Cienaga Grande De Santa Marta",0,83.0016937255859,55.6619631984195,58.7056311864951,0,-0.770900618483964,2,4,0,84,0,0,13632,8411,59.7686538705987,59.4127367484429,57.4830444611907,59.1409193669932,2,"RAP Caribe"
"675",8137,"Campo de La Cruz","Atlántico","Canal Del Dique",0,59.437126159668,43.9501653948703,54.8446480836875,1,-0.935975347671472,0,0,0,14,0,0,16314,2117,60.8430863739872,60.8430863739872,62.3853211009174,63.514467184192,3,"RAP Caribe"
"676",5134,"Campamento","Antioquia","Norte De Antioquia",0,76.598747253418,60.7268379376444,54.1243415084496,6,1.8162172162831,53,71,0,224,326.09,0,6383,4116,29.8625083836351,29.8289738430583,37.2191011235955,37.2191011235955,1,"RAP del Agua y la Montaña"
"677",68755,"Socorro","Santander","Provincia Comunera",0,17.4764175415039,73.626968505204,72.405588602426,1,-0.972944898037026,7,10,0,35,0,0,26135,4347,50.5849398582963,50.5313890261987,0,0,3,"RAP Gran Santander"
"678",52405,"Leiva","Nariño","Patia",1,73.6592788696289,55.1466261637925,62.2153905610987,7,0.362929770930979,31,54,1,125,642.48,0,6890,4792,51.5514993481095,51.5514993481095,54.3125533731853,54.3694847708511,1,"RAP Pacífico"
"679",5543,"Peque","Antioquia","Occidente Antioqueño",0,76.7471542358398,68.6585299488386,54.9663047298529,12,1.19202286685221,33,36,0,282,0,0,5678,3633,39.8781630740394,39.9250234301781,39.8234683281412,39.5119418483904,3,"RAP del Agua y la Montaña"
"680",88564,"Providencia","Archipiélago de San Andrés","Archipielago De San Andres, Providencia Y Santa Catalina",0,21.3882656097412,58.4854128989813,59.2416512402218,0,-1.18462201125723,0,0,0,1,0,0,4662,2052,44.2707060835573,48.6928903005131,0,0,3,"RAP Caribe"
"681",19256,"El Tambo","Cauca","Norte Del Cauca",1,59.1154251098633,62.5403563067382,59.2404570721894,45,1.09793845614445,163,54,2,429,8737.35,8.73,40687,38987,31.3328956007879,31.3197636244255,40.9637233770504,40.9564169071713,4,"RAP Pacífico"
"682",68669,"San Andrés","Santander","Provincia De Garcia Rovira",0,41.584846496582,65.5044501383127,62.9449085137786,1,-0.840453310530885,6,5,0,33,0,0,6600,3927,45.6017872102765,45.6017872102765,54.9763033175355,54.9763033175355,3,"RAP Gran Santander"
"683",5647,"San Andrés de Cuerquía","Antioquia","Norte De Antioquia",0,45.8794784545898,59.1892221263016,53.0460480430162,2,1.10148372757062,26,20,0,185,0,0,5062,2629,37.2000989364333,37.4721741281227,34.9369085173502,34.7791798107256,3,"RAP del Agua y la Montaña"
"684",73585,"Purificación","Tolima","Sur Del Tolima",0,36.5775146484375,68.2334434374755,66.4225370562151,1,-0.89302352734631,7,12,0,80,0,0,17767,7458,51.9526329050139,51.9589317208365,55.2286102308737,55.2286102308737,2,"RAP (E) Central"
"685",20228,"Curumaní","Cesar","Serrania Del Perija",0,59.1292152404785,65.3582791574518,63.1038196257136,4,2.90187126140598,94,263,0,822,0,0,26952,7935,47.8104465441988,47.9063744064464,57.4504249291785,57.6203966005666,3,"RAP Caribe"
"686",19290,"Florencia","Cauca","Patia",0,50.5323677062988,59.3032840623715,56.4282336461517,2,-0.554721938561255,0,5,0,39,0,0,4055,3132,49.0614553869889,49.0614553869889,55.862977602108,55.862977602108,2,"RAP Pacífico"
"687",15696,"Santa Sofía","Boyacá","Altiplano Cundiboyacense",0,38.6654472351074,55.2158136929884,67.3686687712436,0,-0.813936874825172,0,4,0,0,0,0,2355,1543,50.8726567550097,50.8726567550097,0,0,2,"RAP (E) Central"
"688",15720,"Sativanorte","Boyacá","Altiplano Cundiboyacense",0,52.8361701965332,52.1109348264345,57.5209949453528,0,-0.860933125284376,4,2,0,0,0,0,1675,1147,45.6263736263736,45.6263736263736,34.6153846153846,34.6153846153846,2,"RAP (E) Central"
"689",19300,"Guachené","Cauca","Norte Del Cauca",0,26.2299995422363,62.5922925004809,77.4888219767438,2,-0.925515613438897,7,3,0,1,0,0,14836,10203,56.5475014813352,56.86351965238,61.6148419127254,61.4580611444996,3,"RAP Pacífico"
"690",73616,"Rioblanco","Tolima","Sur Del Tolima",1,66.0925216674805,68.1800245680412,58.9383112340779,0,0.673466989877286,57,19,5,405,0,0,13968,11108,33.7053331902565,33.71606395536,37.7616279069767,37.7616279069767,4,"RAP (E) Central"
"691",13442,"María La Baja","Bolívar","Montes De Maria",1,63.1173324584961,51.2793222723422,56.5848405452483,2,-0.355319183021427,9,77,0,291,0,0,32178,18309,44.2013237182653,44.137113503902,52.4518668226784,52.1008403361345,5,"RAP Caribe"
"692",5034,"Andes","Antioquia","Suroeste Antioqueño",0,33.5253486633301,71.9839413840477,62.0234713052114,1,0.374175309360322,34,39,2,663,0,0,34525,15759,43.0133098078325,43.0631736412105,43.3941997851772,43.4479054779807,3,"RAP del Agua y la Montaña"
"693",23162,"Cereté","Córdoba","Norte De Cordoba",0,51.7121963500977,52.1910952928528,59.2753762535601,4,-0.908370671126225,6,3,0,97,0,0,80641,35737,59.6976214574899,59.6997300944669,68.2619647355164,68.2154621197442,5,"RAP Caribe"
"694",5129,"Caldas","Antioquia","Valle De Aburra",0,14.2805118560791,71.3051605415701,70.2969146214994,0,-0.451925246939638,12,60,0,435,0,0,70093,11782,50.2581617599897,50.2597652491822,0,0,5,"RAP del Agua y la Montaña"
"695",52411,"Linares","Nariño","Centro Occidente De Nariño",0,69.8541412353516,63.8012500385017,56.7682670971121,1,-0.656545374147228,13,15,0,27,568.55,0,8015,6255,60.1674377616215,58.0083718880811,65.3729071537291,65.4490106544901,3,"RAP Pacífico"
"696",15804,"Tibaná","Boyacá","Altiplano Cundiboyacense",0,43.9183540344238,57.1893174879438,62.4593804435719,0,-0.986403925281991,0,0,0,2,0,0,6727,5231,39.5982783357245,39.5982783357245,47.6635514018692,49.8725573491929,1,"RAP (E) Central"
"697",17867,"Victoria","Caldas","Eje Cafetero",0,38.777458190918,73.3470233742289,65.2642675578689,0,-0.154648033569864,1,6,0,129,0,33.82,7659,3879,48.1888964116452,48.0534867975626,51.8961253091509,51.9373454245672,2,"RAP Eje Cafetero"
"698",19318,"Guapi","Cauca","Anden Pacifico Sur",1,74.1574172973633,45.5773065290711,50.570537827617,25,-0.828115114270934,4,9,0,58,1825.15,547.97,17356,8384,41.0852041258559,40.7211580133484,43.1501340482574,43.1769436997319,2,"RAP Pacífico"
"699",70400,"La Unión","Sucre","San Jorge (Cesar)",0,71.1245193481445,56.2296435379636,61.3101485277708,0,-1.03593866134296,0,3,0,14,0,0,9408,4913,65.8125915080527,65.7686676427526,71.397616468039,69.2307692307692,3,"RAP Caribe"
"700",5101,"Ciudad Bolívar","Antioquia","Suroeste Antioqueño",0,34.6675148010254,65.8738103015843,60.9078877024453,4,0.738819248040708,24,49,0,676,0,0,20337,6761,33.2438336215527,33.2984436151816,37.6762067492525,37.5907731738573,4,"RAP del Agua y la Montaña"
"701",20238,"El Copey","Cesar","Sierra Nevada De Santa Marta",0,54.6189918518066,64.5247639596361,57.1936153881582,4,1.38315807987907,56,68,0,781,0,0,21373,5130,49.8616260247507,49.8877343219675,51.0626552580734,50.9798509522495,4,"RAP Caribe"
"702",86760,"Santiago","Putumayo","Alto Putumayo",0,75.7905731201172,65.151949450476,57.2057880823798,0,-0.899517342569135,9,5,0,27,0,0,5246,2637,52.723013859067,52.723013859067,64.2451759364359,64.2451759364359,3,"RAP Amazonia"
"703",23168,"Chimá","Córdoba","Norte De Cordoba",0,62.6177825927734,61.1647018554461,56.5861581668632,1,-0.858064315553025,4,0,0,34,0,0,13192,10412,62.0012939400474,61.6778089281863,71.5097690941385,70.8703374777975,2,"RAP Caribe"
"704",52418,"Los Andes","Nariño","Patia",1,81.6943359375,61.4449232359107,58.435190869172,0,-0.18520123936548,12,70,1,53,446.07,91.1,6905,3700,59.6266851019703,59.6094020048393,62.7107215104518,62.7107215104518,3,"RAP Pacífico"
"705",20250,"El Paso","Cesar","Serrania Del Perija",0,69.1187362670898,56.6206400370016,66.2211999214425,0,-0.291796366556572,7,17,0,226,0,0,25769,21030,48.4727164887307,48.1316725978648,50.697012802276,50.547652916074,5,"RAP Caribe"
"706",5790,"Tarazá","Antioquia","Bajo Cauca Antioqueño",1,64.8509750366211,55.8539087795673,61.5336257670984,81,4.01998016690913,165,52,20,1301,3531.32,903.35,18013,8237,18.6861463015938,18.7627707396812,25.1719197707736,25.0429799426934,5,"RAP del Agua y la Montaña"
"707",23182,"Chinú","Córdoba","Norte De Cordoba",0,55.8747406005859,61.0353644303201,63.9717985922373,2,-0.814716171331008,4,5,0,133,0,0,36307,21415,66.4657481821661,66.4418293149636,77.6837751457041,77.37669988093,4,"RAP Caribe"
"708",44378,"Hatonuevo","La Guajira","Sierra Nevada De Santa Marta",0,64.1848983764648,57.4195947779908,65.6348301817483,2,-0.774920739993833,5,11,0,72,0,0,14404,5152,50.9260539046303,51.3614374568072,42.5742574257426,42.5742574257426,6,"RAP Caribe"
"709",52427,"Magüi","Nariño","Triángulo de Telembí",1,91.8099212646484,56.9870203126909,57.5357120876859,20,-0.714242247380705,28,10,0,33,3363.19,891.16,14149,9930,40.1074907625126,39.9059455828015,43.2510051694428,43.1935669155658,1,"RAP Pacífico"
"710",8770,"Suan","Atlántico","Canal Del Dique",0,55.8230857849121,59.8970263719132,57.2379589185404,0,-0.863411242231182,0,1,0,19,0,0,8771,557,66.1654135338346,66.590819153146,0,0,1,"RAP Caribe"
"711",81001,"Arauca","Arauca","Llanos Orientales",0,37.5975685119629,73.2906469453725,69.9808999253781,48,0.339725012112367,101,190,0,610,0,0,70008,9151,51.0768864130597,51.0783758825106,44.4357571019025,44.4096950742768,4,"RAP Llanos"
"712",68770,"Suaita","Santander","Provincia Comunera",0,39.0101890563965,70.7010125712266,62.5020415677563,0,-0.786027837955644,12,4,0,43,0,0,7790,5744,39.1718426501035,39.1304347826087,45.8381171067738,45.7807118254879,2,"RAP Gran Santander"
"713",73622,"Roncesvalles","Tolima","Sur Del Tolima",0,41.9447212219238,60.1047667312881,57.0605309478571,4,0.19676717097211,72,9,0,70,0,0,3707,2347,40.2641381645784,40.2641381645784,46.0639127045986,46.0639127045986,1,"RAP (E) Central"
"714",41396,"La Plata","Huila","Sur Del Huila",0,48.0083999633789,68.2857626433579,61.4864981069422,1,-0.311683965298733,73,25,0,129,0,0,40895,23132,48.1625053415542,48.040412673219,51.7058628684995,51.7169040521144,5,"RAP (E) Central"
"715",76736,"Sevilla","Valle del Cauca","Centro Del Valle",0,22.8984546661377,65.4885451447278,60.8179075194418,2,-0.628821479402887,13,9,0,364,0,0,31396,7031,43.9202657807309,43.8000316405632,41.0317840600543,41.0317840600543,5,"RAP Pacífico"
"716",70418,"Los Palmitos","Sucre","Montes De Maria",1,65.8405227661133,48.4287314428713,54.0803512057054,1,-0.183898516695394,4,52,2,133,0,0,17262,9011,71.1821741562558,71.1821741562558,78.0145670353385,78.0145670353385,2,"RAP Caribe"
"717",66682,"Santa Rosa de Cabal","Risaralda","Eje Cafetero",0,21.0260524749756,72.2626306090958,65.0477967756235,0,-1.07799854447025,1,7,0,48,0,0,63293,9400,52.5359709070466,52.504348131621,49.5511221945137,49.6758104738155,9,"RAP Eje Cafetero"
"718",73624,"Rovira","Tolima","Sur Del Tolima",0,51.6054878234863,55.5419249900489,55.8885018219938,0,-0.202783456327624,58,17,0,153,0,0,14830,7353,39.2522675318929,39.3260084064597,47.891857096878,47.891857096878,4,"RAP (E) Central"
"719",85430,"Trinidad","Casanare","Llanos Orientales",0,52.5263404846191,58.84062935483,70.9861822662957,0,-0.153776710362308,12,19,0,190,0,0,8877,3770,53.0200414651002,53.0200414651002,63.0454967502321,63.0454967502321,3,"RAP Llanos"
"720",54398,"La Playa","Norte de Santander","Catatumbo",0,60.8580741882324,63.6638691181912,57.9007239291985,21,0.0922594288435148,27,25,0,90,25.99,0,5370,4549,48.8450558006748,48.8710096029068,50.9097270818754,51.3296011196641,2,"RAP Gran Santander"
"721",81300,"Fortul","Arauca","Sarare",1,86.597297668457,68.9305613623925,64.8587477035179,58,0.854872029779639,154,24,0,310,0,0,13273,5946,46.4575812274368,46.4575812274368,44.872813990461,44.872813990461,3,"RAP Llanos"
"722",15806,"Tibasosa","Boyacá","Altiplano Cundiboyacense",0,16.3658790588379,70.7504310892407,77.4705239278321,0,-0.848031722434659,0,11,0,4,0,0,10057,6347,51.7529602971906,51.7645693057813,0,0,3,"RAP (E) Central"
"723",52435,"Mallama","Nariño","Occidente De Nariño",0,47.3048515319824,61.7818230967172,60.4751995730191,5,-0.298967283689003,23,22,0,36,20.81,0,6656,5756,45.3315737380402,46.6512702078522,50.6262359920896,50.2307185234014,1,"RAP Pacífico"
"724",23189,"Ciénaga de Oro","Córdoba","Norte De Cordoba",0,58.5353355407715,46.7539053720839,61.6451490854869,1,-0.913356391248545,4,1,0,81,0,0,43766,27161,62.2557497700092,62.5722171113155,69.5039355665385,69.3025809994509,5,"RAP Caribe"
"725",5858,"Vegachí","Antioquia","Nordeste Antioqueño",0,51.777961730957,65.9832930830415,58.6013752224903,6,2.10199159292167,71,49,1,338,108.57,174.82,8825,2265,28.462918029328,28.462918029328,33.133971291866,33.133971291866,3,"RAP del Agua y la Montaña"
"726",73671,"Saldaña","Tolima","Sur Del Tolima",0,33.1199607849121,60.4133216916883,66.1652511978414,1,-0.874131844661479,1,8,0,55,0,0,10804,4315,51.210986267166,51.2026633374948,63.2986627043091,63.2986627043091,5,"RAP (E) Central"
"727",23300,"Cotorra","Córdoba","Norte De Cordoba",0,61.6406059265137,56.85115713873,61.2102444151747,1,-0.950687500748392,0,2,0,14,0,0,14408,9795,62.5113122171946,62.6470588235294,78.5701800384548,78.6750568082503,2,"RAP Caribe"
"728",19355,"Inzá","Cauca","Norte Del Cauca",0,71.8837432861328,57.9028228735266,63.6650237967615,9,-0.484641624605406,22,10,3,20,0,0,19456,18775,38.1581203910135,38.0552220888355,45.6587898317222,45.8467597565342,1,"RAP Pacífico"
"729",13838,"Turbaná","Bolívar","Canal Del Dique",0,75.6365356445312,46.8702423578471,57.4849196178815,1,-0.78368423480246,0,1,0,53,0,0,12617,3349,64.7742984953233,64.8149654331029,62.4151309408341,62.8031037827352,2,"RAP Caribe"
"730",41483,"Nátaga","Huila","Centro Del Huila",0,58.1187057495117,61.5377360497282,58.3130337955288,0,-0.842649702150442,4,1,0,20,0,0,4223,2523,50.843314593009,50.916646296749,55.52,55.52,2,"RAP (E) Central"
"731",5310,"Gómez Plata","Antioquia","Norte De Antioquia",0,40.0321159362793,61.2727528096206,61.8152689333539,0,0.0090365119059941,14,11,0,175,0,0,7884,3333,38.1269049598227,37.3372125242449,46.0829493087558,46.0061443932412,4,"RAP del Agua y la Montaña"
"732",5792,"Tarso","Antioquia","Suroeste Antioqueño",0,40.4026565551758,58.0322535585761,59.7826260438608,0,-0.162208768781936,2,5,0,97,0,0,4853,1944,46.1395505997635,46.5619192431154,0,0,2,"RAP del Agua y la Montaña"
"733",5674,"San Vicente","Antioquia","Oriente Antioqueño",0,44.2730255126953,70.2680296125606,61.7733475116912,0,0.0534411908567331,17,18,1,235,0,0,17310,11864,45.7831325301205,45.8739065852451,40.7669481853458,40.7441223464962,2,"RAP del Agua y la Montaña"
"734",15723,"Sativasur","Boyacá","Altiplano Cundiboyacense",0,36.9308776855469,64.6779217116499,55.8117922452458,0,-0.996679995704318,NA,NA,NA,NA,0,0,830,575,43.5483870967742,43.4677419354839,0,0,1,"RAP (E) Central"
"735",68773,"Sucre","Santander","Provincia De Velez",0,43.6534576416016,52.2667620591481,57.2353349550541,0,-0.368276629555982,39,11,0,50,0,0,5257,4584,35.0566223535204,35.0566223535204,45.4164484023049,45.4164484023049,1,"RAP Gran Santander"
"736",5079,"Barbosa","Antioquia","Valle De Aburra",0,26.4920310974121,78.9882026075889,67.2164753265919,1,0.571219484814205,37,97,0,862,0,0,43843,22781,42.8727333781061,42.8251623013208,46.0338680926916,46.1675579322638,5,"RAP del Agua y la Montaña"
"737",5670,"San Roque","Antioquia","Nordeste Antioqueño",0,45.1150398254395,70.6631088775836,59.3679616948269,0,1.46954040520594,66,20,0,593,0,0,16111,10149,40.0475812846947,40.0475812846947,38.2447149263293,38.2020072603032,3,"RAP del Agua y la Montaña"
"738",73675,"San Antonio","Tolima","Sur Del Tolima",0,53.5213851928711,64.9129603322221,58.7552821107208,1,0.341344535635525,26,20,2,264,0,0,8482,5339,45.9540087010566,45.9664387818521,49.3200362647326,49.274705349048,2,"RAP (E) Central"
"739",15810,"Tipacoque","Boyacá","Altiplano Cundiboyacense",0,61.419921875,60.6186476877576,53.0560687920236,0,-0.958605745572634,0,0,0,3,0,0,2442,1651,48.3370288248337,48.3370288248337,43.1111111111111,43.1111111111111,3,"RAP (E) Central"
"740",13030,"Altos del Rosario","Bolívar","Sur De Bolivar",0,75.0981597900391,35.6019266426996,51.9161077595852,1,-0.305673702556632,8,25,0,75,0,7.58,7216,4651,52.0702070207021,52.1602160216022,55.2467855661551,55.3297386976358,2,"RAP Caribe"
"741",15814,"Toca","Boyacá","Altiplano Cundiboyacense",0,38.0276031494141,56.2187600903765,63.9321764162107,0,-0.958709103668598,0,2,0,2,0,0,6118,2990,46.2293243622091,46.4255677039529,0,0,2,"RAP (E) Central"
"742",15816,"Togüí","Boyacá","Altiplano Cundiboyacense",0,44.7514877319336,61.9698907959561,59.2604372623066,1,-0.9420675392848,2,0,0,4,0,0,3009,2457,37.3082632360218,37.3330034636319,34.3434343434343,34.3434343434343,3,"RAP (E) Central"
"743",52473,"Mosquera","Nariño","Anden Pacifico Sur",1,77.3951034545898,56.9311638415493,57.5366467563634,5,-1.00608431357168,3,2,0,13,474.07,0,8451,4434,44.3937232524964,44.6219686162625,52.0994700366898,51.8956379942927,1,"RAP Pacífico"
"744",54377,"Labateca","Norte de Santander","Suroriente De Norte De Santander",0,45.3340148925781,57.8157862899256,57.9102840228927,1,-0.415616315808258,13,1,5,14,0,0,4724,3445,47.2582670573462,47.2582670573462,54.1095890410959,54.1095890410959,2,"RAP Gran Santander"
"745",25799,"Tenjo","Cundinamarca","Altiplano Cundiboyacense",0,17.5709934234619,73.2669222169079,81.4119535273105,0,-0.938676478973109,0,9,0,6,0,0,19452,9961,53.9298758217677,53.754565376187,52.2563176895307,53.5198555956679,2,"RAP (E) Central"
"746",41001,"Neiva","Huila","Norte Del Huila",0,21.4066619873047,73.1835814296516,69.1920495200661,5,0.057684840441914,130,97,0,326,0,0,267255,17101,53.3946251768034,53.3962233995797,48.2750062050137,48.3411930172913,7,"RAP (E) Central"
"747",5440,"Marinilla","Antioquia","Oriente Antioqueño",0,20.7466621398926,76.7164891890853,66.8707655931913,0,-0.0680109952894792,19,48,0,585,0,0,52481,13694,50.8433491566508,50.9367740632259,45.5252918287938,45.5252918287938,3,"RAP del Agua y la Montaña"
"748",19364,"Jambaló","Cauca","Norte Del Cauca",1,89.1950531005859,65.3831009288336,57.8394270527779,10,-0.399734385662188,51,5,0,50,60.52,0,12213,10999,46.9078179696616,47.1411901983664,50.5326876513317,50.4842615012107,1,"RAP Pacífico"
"749",19392,"La Sierra","Cauca","Macizo Colombiano",0,67.6985244750977,68.8482505584287,57.3921942966402,2,0.524583236164326,45,6,8,83,0,10.46,8245,7011,50.827640567525,50.8407777193904,46.8960359012715,47.0456245325355,2,"RAP Pacífico"
"750",13780,"Talaigua Nuevo","Bolívar","Sur De Bolivar",0,69.3119659423828,64.0488216599568,51.8268132386148,0,-0.910767654917976,5,0,0,9,0,0,8687,4604,55.1371264838314,55.0961932050757,70.8184204247196,71.1763302314483,1,"RAP Caribe"
"751",54405,"Los Patios","Norte de Santander","Area Metropolitana De Cucuta",0,20.6542282104492,74.5500672181707,68.0625340120091,2,-0.871212267500178,1,6,0,300,0,0,72556,1645,46.3179645804546,46.4307899040351,58.0827067669173,59.5238095238095,5,"RAP Gran Santander"
"752",76823,"Toro","Valle del Cauca","Norte Del Valle",0,29.3744029998779,68.6082399754826,59.6211501412592,0,-0.799146599810488,1,4,0,101,0,0,10443,3102,38.3162945962862,38.0972251199666,45.1285306251984,45.1920025388765,3,"RAP Pacífico"
"753",5315,"Guadalupe","Antioquia","Norte De Antioquia",0,51.1047859191895,73.8594516290783,62.3830042486912,4,1.21563333812798,9,20,3,169,0,0,4993,2994,35.3643966547192,35.3643966547192,33.2885906040268,33.1543624161074,1,"RAP del Agua y la Montaña"
"754",41503,"Oporapa","Huila","Sur Del Huila",0,51.4046363830566,65.4387840271879,56.9361953503287,0,-0.305813192940066,40,5,2,48,0,0,7328,5813,51.5822265945237,51.8609608132481,66.9014084507042,66.9654289372599,1,"RAP (E) Central"
"755",8436,"Manatí","Atlántico","Canal Del Dique",0,61.0980949401855,43.5110978433617,52.6466165735014,0,-0.943621085406116,0,0,0,9,0,0,14285,1651,65.1963229530393,65.0823059930165,0,0,4,"RAP Caribe"
"756",54418,"Lourdes","Norte de Santander","Provincia De Ricaurte",0,40.0231475830078,44.816453278273,56.8569563146275,0,-0.681719757163506,1,7,0,7,0,0,2886,1387,58.7837837837838,58.7837837837838,0,0,1,"RAP Gran Santander"
"757",5873,"Vigía del Fuerte","Antioquia","Atrato",1,82.1615295410156,67.6861187165402,56.9922134829538,6,2.91020436183952,20,17,25,118,0,89.75,5377,3056,45.5533980582524,45.6310679611651,55.6824671616219,54.3974871501999,1,"RAP del Agua y la Montaña"
"758",27425,"Medio Atrato","Chocó","Atrato",1,100,55.2633289218436,58.2370776694322,1,-0.695717197025194,7,26,0,64,0,2047.1,7310,6852,42.8662827895074,44.0818937939859,53.0195177956372,52.2388059701493,2,"RAP Pacífico"
"759",76828,"Trujillo","Valle del Cauca","Centro Del Valle",0,25.0442390441895,52.6563361328328,58.787995852913,1,0.342985509612037,38,12,0,398,0,0,13539,6575,41.2920287117491,41.1660999874071,44.2557442557443,44.0184815184815,3,"RAP Pacífico"
"760",5697,"El Santuario","Antioquia","Oriente Antioqueño",0,24.4029293060303,71.591609445305,65.0135744087987,0,0.527871131934762,20,75,0,482,0,0,26598,6453,53.6997725549659,53.7035633055345,33.9410939691445,35.343618513324,2,"RAP del Agua y la Montaña"
"761",20295,"Gamarra","Cesar","Magdalena Medio",0,52.3999328613281,63.0690620852183,63.1223487622506,1,-0.14561537338672,1,34,0,161,0,0,11565,3966,56.8261540620177,56.8963098077733,67.3105497771174,67.4888558692422,3,"RAP Caribe"
"762",13894,"Zambrano","Bolívar","Montes De Maria",1,60.226490020752,57.4868200146083,58.1952399347334,1,0.943168615538933,37,16,0,312,0,0,8623,1296,64.2841062584421,63.8451148131472,41.8181818181818,41.8181818181818,2,"RAP Caribe"
"763",25862,"Vergara","Cundinamarca","Noroccidente De Cundinamarca",0,53.9227867126465,54.9133945742996,59.4877407403015,0,-0.656520608949869,5,6,0,33,0,0,6016,4462,42.3037296517618,42.592211003503,44.7925486875529,44.4115156646909,1,"RAP (E) Central"
"764",18460,"Milán","Caquetá","Florencia Y Area De Influencia",1,77.9105682373047,56.8690263601479,57.7919403974744,3,1.99146468990485,46,49,5,357,283.48,0,5834,4963,34.4281298299845,34.3508500772798,38.4085510688836,38.4085510688836,3,"RAP Amazonia"
"765",99524,"La Primavera","Vichada","Altillanura",0,96.0676193237305,50.3717755361468,56.7940576945071,0,-0.0987885918314415,37,24,1,117,0,0,6327,2234,56.9395017793594,56.9395017793594,57.6349614395887,57.892030848329,3,"RAP Llanos"
"766",20310,"González","Cesar","Sur De Cesar",0,62.3881454467773,57.1440578324118,55.5332769691682,3,0.503394642932259,3,69,1,25,9.29,0,3363,2372,60.9139784946237,60.9139784946237,66.5248226950355,66.5721040189125,2,"RAP Caribe"
"767",68684,"San José de Miranda","Santander","Provincia De Garcia Rovira",0,53.0494041442871,48.4618893477822,59.3161941070403,0,-0.998886795902221,1,1,0,10,0,0,3273,2472,58.4208742799051,58.3192138258218,63.6194029850746,63.6194029850746,2,"RAP Gran Santander"
"768",27430,"Medio Baudó","Chocó","Litoral Pacifico",0,100,52.8468118042915,56.2338566517806,10,-0.825561488006697,1,1,0,46,161.45,2.81,9394,8198,51.3831967213115,52.5102459016393,61.3840378651869,61.4166802676677,2,"RAP Pacífico"
"769",25839,"Ubalá","Cundinamarca","Altiplano Cundiboyacense",0,45.201416015625,53.881031252827,62.7822546804427,0,-0.549248048956931,1,10,0,73,0,0,6387,4516,37.6623376623377,37.626756804839,49.711353431687,49.6792815907633,1,"RAP (E) Central"
"770",47541,"Pedraza","Magdalena","Cienaga Grande De Santa Marta",0,67.281135559082,50.3085454811357,52.3721878204592,0,-0.766441558040665,3,0,0,46,0,0,6358,4287,68.7270501835985,68.9412484700122,75.3614079195475,71.4016341923319,2,"RAP Caribe"
"771",25851,"Útica","Cundinamarca","Noroccidente De Cundinamarca",0,51.8659477233887,62.7134255031192,62.0310122044751,0,0.375634558146012,54,13,0,56,0,0,3810,1460,50.2656748140276,50.4144527098831,0,0,3,"RAP (E) Central"
"772",25867,"Vianí","Cundinamarca","Noroccidente De Cundinamarca",0,30.8120098114014,55.4079387733392,55.0539713230399,0,-0.68374051883269,6,3,0,15,0,0,3810,2253,42.5340529426883,42.5340529426883,0,0,1,"RAP (E) Central"
"773",15822,"Tota","Boyacá","Altiplano Cundiboyacense",0,47.3418998718262,57.7627390377682,60.2394461058358,0,-0.848852021016201,5,3,0,3,0,0,3548,2819,41.890124264225,41.890124264225,44.9129239230064,44.9129239230064,2,"RAP (E) Central"
"774",76834,"Tuluá","Valle del Cauca","Centro Del Valle",0,19.3623332977295,73.8666818802367,70.6704381273961,15,-0.118713414027099,94,66,0,991,0,0,163470,28054,47.6024637347456,47.6168547087267,47.8302532511978,47.2507415012549,5,"RAP Pacífico"
"775",41524,"Palermo","Huila","Norte Del Huila",0,33.3004989624023,67.2240949441756,71.4065872913658,0,-0.839389114355164,12,17,0,29,0,0,19200,10327,47.4898785425101,47.5951417004049,55.5892337536372,55.6013579049467,5,"RAP (E) Central"
"776",68780,"Suratá","Santander","Provincia De Soto",0,46.8293380737305,71.2791388977659,58.742087231966,0,1.97145930949547,191,14,0,68,0,0,2971,2163,56.1742006615215,56.1190738699008,60.6656580937973,60.6656580937973,1,"RAP Gran Santander"
"777",70429,"Majagual","Sucre","La Mojana",0,82.347297668457,46.4937936542162,62.2842292542616,5,-0.610700800406952,17,46,0,119,0,0,26235,19091,53.7408013082584,53.8532297628782,68.352575748696,68.3642970169372,3,"RAP Caribe"
"778",41530,"Palestina","Huila","Sur Del Huila",0,49.9692497253418,61.8240873834035,60.0332791119709,0,-0.675434129789637,22,4,0,33,0,0,7625,6501,50.9316064530788,50.9429675073847,0,0,2,"RAP (E) Central"
"779",47545,"Pijiño del Carmen","Magdalena","Sur De Magdalena",0,78.2513122558594,59.4529324134023,51.8331262012102,0,-1.01607618878098,0,1,0,16,0,0,8142,4460,61.4581112769132,61.2449371136218,64.7717955725608,65.3457228751025,1,"RAP Caribe"
"780",5847,"Urrao","Antioquia","Suroeste Antioqueño",0,49.8361930847168,71.2421998048519,60.314822347803,10,1.53905252658448,143,75,0,920,0,0,21715,8477,30.3302156900172,30.3636190112617,23.9917269906929,23.9917269906929,3,"RAP del Agua y la Montaña"
"781",70473,"Morroa","Sucre","Montes De Maria",1,66.2579498291016,45.6115153740692,52.7876808361439,3,-0.286844118628325,24,12,0,137,0,0,11380,4473,66.1562663869953,66.7226009438909,78.1576200417537,78.4185803757829,5,"RAP Caribe"
"782",52490,"Olaya Herrera","Nariño","Anden Pacifico Sur",1,73.1900482177734,51.3795776342736,62.9173505849501,18,-0.568173719549313,8,4,3,107,6040.57,0,14847,8358,41.1552346570397,39.6209386281588,44.4164355936476,44.8953869422738,2,"RAP Pacífico"
"783",15001,"Tunja","Boyacá","Altiplano Cundiboyacense",0,15.0471181869507,67.640422748524,70.3870772394586,0,-0.954244529170244,2,11,0,52,0,0,136518,4942,58.5477704893562,58.5685024090491,28.6723163841808,28.6723163841808,8,"RAP (E) Central"
"784",15798,"Tenza","Boyacá","Altiplano Cundiboyacense",0,24.1174793243408,48.775640161879,59.6684372136981,0,-0.986029176398111,0,0,0,1,0,0,3065,2078,51.458510337015,51.458510337015,0,0,2,"RAP (E) Central"
"785",13074,"Barranco de Loba","Bolívar","Sur De Bolivar",0,75.0675277709961,50.8799899426141,43.8266136658028,5,-0.336510584892334,10,21,0,125,0,86.31,9576,5877,50.5181747873163,50.5491105955143,60.4733236454225,60.5356030724517,2,"RAP Caribe"
"786",97001,"Mitú","Vaupés","Amazonia Sur-Oriental",0,80.7119064331055,60.4973725615713,62.3071359784792,2,2.56357337333352,33,16,38,79,0,0,19786,11977,57.5214956219926,57.9711288159659,40.0287356321839,52.5574712643678,1,"RAP Amazonia"
"787",25506,"Venecia","Cundinamarca","Sumapaz",0,34.3000717163086,63.4534684799005,61.378478517071,1,-0.30455107388492,6,7,2,18,0,0,3560,2241,38.5937002863506,38.5937002863506,35.5056179775281,35.5056179775281,2,"RAP (E) Central"
"788",27450,"Medio San Juan","Chocó","Valle De San Juan",1,54.0362014770508,49.8129394274722,53.0408573955461,34,-0.769993491034402,18,2,0,28,249.03,1456.69,7035,5201,48.0467323840818,48.1197517342096,57.5535039865715,56.8610994544692,5,"RAP Pacífico"
"789",13140,"Calamar","Bolívar","Canal Del Dique",0,63.5848999023438,54.0906495939182,56.2935333890512,0,-0.266424038259247,9,8,0,244,0,0,15968,7194,63.3493846976993,61.3518815766007,61.8799755052051,62.8138395590937,1,"RAP Caribe"
"790",18479,"Morelia","Caquetá","Florencia Y Area De Influencia",1,41.3234596252441,57.0712121790676,57.7224726564434,0,2.97007723000524,25,30,0,189,0,0,2582,1099,46.8273092369478,47.2021419009371,0,0,2,"RAP Amazonia"
"791",25873,"Villapinzón","Cundinamarca","Altiplano Cundiboyacense",0,25.1977710723877,75.425297565319,66.3077355059272,0,-0.89032805072901,9,5,0,5,0,0,13675,7350,54.0552925003819,54.1087521001986,0,0,3,"RAP (E) Central"
"792",13549,"Pinillos","Bolívar","Sur De Bolivar",0,79.5093688964844,52.6862865599699,52.226924260192,0,-0.119265767211397,57,44,0,68,0,0,16013,13841,47.7112275108176,47.7340013664313,61.8187681393099,62.1412447597549,1,"RAP Caribe"
"793",5628,"Sabanalarga","Antioquia","Occidente Antioqueño",0,58.9968376159668,72.8281354885957,56.2403964359003,3,0.507547627631532,13,22,0,156,0,0,6407,3827,39.5926052721671,39.5926052721671,52.9667149059334,52.9667149059334,2,"RAP del Agua y la Montaña"
"794",23350,"La Apartada","Córdoba","Alto Sinu Y San Jorge",0,53.5396575927734,61.2995142758525,59.5084315330935,3,-0.718695012844185,0,3,0,74,0,18.25,10458,2455,54.6308954203691,54.8103212576897,54.2727272727273,54.1818181818182,2,"RAP Caribe"
"795",27491,"Nóvita","Chocó","Valle De San Juan",1,52.9027633666992,55.712081293012,57.7346256672425,14,-0.579542812169255,4,4,0,53,143.69,4047.4,5977,3803,57.4198654531065,57.4198654531065,54.9391553328561,54.9391553328561,1,"RAP Pacífico"
"796",41548,"Pital","Huila","Sur Del Huila",0,51.28076171875,73.1940802181862,58.0546159064669,0,-0.963920922882637,0,4,0,15,0,0,9005,5711,52.4266098484849,52.3910984848485,56.0804020100502,56.0804020100502,3,"RAP (E) Central"
"797",41551,"Pitalito","Huila","Sur Del Huila",0,37.9815826416016,66.9361699017343,68.5593764642401,0,0.236171734255179,106,91,0,790,0,0,89291,36317,45.2980209886287,45.2760969335555,49.9378737283529,49.9767026481323,7,"RAP (E) Central"
"798",15832,"Tununguá","Boyacá","Altiplano Cundiboyacense",0,39.3441009521484,62.7981530706087,59.7057906254849,0,-0.912148625976393,2,0,0,2,0,0,1118,892,57.1950328707085,57.1219868517166,0,0,1,"RAP (E) Central"
"799",13683,"Santa Rosa","Bolívar","Canal Del Dique",0,92.1704483032227,54.7221046904581,59.3689412272135,6,0.250051929570993,31,66,0,210,0,0,15620,1574,62.4571673329526,62.0217018846374,0,0,3,"RAP Caribe"
"800",5284,"Frontino","Antioquia","Occidente Antioqueño",0,47.9117164611816,68.5602878415599,58.9552626417011,17,2.44351197917048,84,111,1,608,0,0,13985,6554,28.7725823591923,28.7548707049238,29.6056001365887,29.4348642649821,4,"RAP del Agua y la Montaña"
"801",8634,"Sabanagrande","Atlántico","Centro Oriente De Atlantico",0,39.1175079345703,69.6762892207304,62.4310876753736,0,-0.83859563898128,2,0,0,67,0,0,25304,1149,71.7731949959438,71.7731949959438,0,0,2,"RAP Caribe"
"802",86749,"Sibundoy","Putumayo","Alto Putumayo",0,38.0818824768066,50.7835091735163,59.1770292667983,1,-0.46150563834891,6,10,5,37,0,0,11811,3781,61.3448570614493,61.4303352645075,0,0,2,"RAP Amazonia"
"803",54480,"Mutiscua","Norte de Santander","Suroccidente De Norte De Santander",0,46.4106407165527,65.1539846845736,60.2449818492708,0,-0.977116023710995,1,0,0,9,0,0,3268,2587,62.430426716141,62.4768089053803,64.0232108317215,64.4100580270793,2,"RAP Gran Santander"
"804",25875,"Villeta","Cundinamarca","Noroccidente De Cundinamarca",0,31.6930866241455,68.9929151002105,69.7673413712395,0,-0.328067750915785,16,52,0,124,0,0,24132,6670,48.916724657852,48.6986778009743,50,50.1066098081023,4,"RAP (E) Central"
"805",5113,"Buriticá","Antioquia","Occidente Antioqueño",0,66.0703506469727,69.4000238801043,53.647670259219,2,0.0981460077307809,3,23,0,72,0,0,6796,4730,37.884024577573,37.884024577573,42.0103092783505,42.0103092783505,3,"RAP del Agua y la Montaña"
"806",23417,"Lorica","Córdoba","Norte De Cordoba",0,65.9442367553711,66.4824783345509,62.2348734440662,2,-0.914617614250446,9,1,0,68,0,0,83365,44424,58.7498506035616,58.7044340862914,72.135896169219,72.0954776126106,4,"RAP Caribe"
"807",19397,"La Vega","Cauca","Macizo Colombiano",0,77.6123428344727,64.9145778478878,58.6892483380535,1,-0.673412057228786,8,12,0,193,0,0,18720,18159,34.0088430361091,34.2667649226234,48.3951012567038,48.9474105499079,2,"RAP Pacífico"
"808",91001,"Leticia","Amazonas","Amazonia Sur-Oriental",0,43.4892158508301,63.6245870835897,67.2735749124296,1,-1.10159912347828,7,4,0,23,0,0,32927,8555,50.0866907637603,50.5510006171207,55.5397051830718,55.5397051830718,2,"RAP Amazonia"
"809",41615,"Rivera","Huila","Norte Del Huila",0,36.5383110046387,69.8948303361343,66.5306592137125,0,-0.62938283446308,32,10,0,34,0,0,18538,10008,49.5735001421666,49.6232584589138,61.3790354722997,61.6580310880829,2,"RAP (E) Central"
"810",19418,"López","Cauca","Anden Pacifico Sur",1,55.781810760498,45.2993889091039,62.1049678153421,4,-0.387367348177539,30,1,3,44,1774.56,482.56,11224,10102,40.9371594624047,41.0098074827461,50.5349465053495,50.5349465053495,1,"RAP Pacífico"
"811",86865,"Valle del Guamuez","Putumayo","Bajo Putumayo",1,73.5035781860352,54.350975135149,59.7110660020544,8,2.82596136656886,223,169,0,1677,4694.37,0,24993,13323,40.1466687470744,40.2870962708691,48.1874447391689,48.4084880636605,3,"RAP Amazonia"
"812",18592,"Puerto Rico","Caquetá","Caguan",1,64.508903503418,50.515745398183,58.5870619046797,10,2.02062558084125,202,78,1,636,44.84,0,17216,6967,35.9853772017281,35.9853772017281,32.6097328244275,32.5858778625954,3,"RAP Amazonia"
"813",5038,"Angostura","Antioquia","Norte De Antioquia",0,55.058032989502,68.5064893861371,62.020292920705,2,1.26914632088686,44,58,6,146,0,0,8379,5865,27.4100024160425,27.434162841266,40.5484818805093,40.5484818805093,1,"RAP del Agua y la Montaña"
"814",13006,"Achí","Bolívar","La Mojana",0,84.2150344848633,50.2183380016057,57.6925720098532,1,0.632067818249771,60,115,0,139,4.94,0,16728,13289,56.7552499535402,56.8481694852258,67.4563591022444,66.2807267545422,2,"RAP Caribe"
"815",52506,"Ospina","Nariño","Centro Occidente De Nariño",0,53.1147727966309,64.640162964141,59.8002238705383,0,-1.09668073442683,NA,NA,NA,NA,0,0,5450,3975,60.3362391033624,60.3673723536737,62.2852576907711,62.2453056332401,3,"RAP Pacífico"
"816",20400,"La Jagua de Ibirico","Cesar","Serrania Del Perija",1,65.6528167724609,65.418362828709,65.1048196895166,1,1.29679054669456,53,88,0,562,0,0,33579,7654,59.0748445398828,58.9987921084418,59.6750727449079,58.9476236663434,2,"RAP Caribe"
"817",5264,"Entrerrios","Antioquia","Norte De Antioquia",0,19.2799892425537,68.709536293649,64.2095079209026,0,-0.324054075128226,15,11,0,58,0,0,8773,3692,38.8393388036627,38.8750148650256,0,0,3,"RAP del Agua y la Montaña"
"818",20621,"La Paz","Cesar","Serrania Del Perija",1,54.1286468505859,61.4453434667195,62.6399553441198,2,0.757706912258042,38,100,0,354,0,0,20079,5671,57.4376039933444,57.5707154742096,51.1844331641286,51.0998307952623,4,"RAP Caribe"
"819",25878,"Viotá","Cundinamarca","Suroccidente De Cundinamarca",0,42.1484184265137,47.6004577445235,57.1665404822955,0,0.537520367725101,15,23,0,311,0,0,11303,6774,44.4444444444444,44.4566010211524,43.4966216216216,43.4966216216216,3,"RAP (E) Central"
"820",5819,"Toledo","Antioquia","Norte De Antioquia",0,60.1137657165527,61.2801059509952,48.2511996592942,5,0.680113844116162,15,11,0,150,0,0,3550,2076,32.3723430246763,32.4212069386758,28.47533632287,28.47533632287,2,"RAP del Agua y la Montaña"
"821",41518,"Paicol","Huila","Centro Del Huila",0,41.8557167053223,67.2393717709856,58.3166848645217,0,-1.00802427859133,0,1,0,3,0,0,4582,2609,60.7273466070703,60.7273466070703,0,0,1,"RAP (E) Central"
"822",5002,"Abejorral","Antioquia","Oriente Antioqueño",0,37.7322578430176,70.884121769347,59.8546668838273,0,0.743144427048587,34,77,0,332,0,0,15914,8787,28.7883435582822,28.7883435582822,28.4164859002169,28.4164859002169,4,"RAP del Agua y la Montaña"
"823",5390,"La Pintada","Antioquia","Suroeste Antioqueño",0,42.4019012451172,63.817210260387,63.2679853854927,0,0.679030894427512,0,11,0,188,0,0,6570,602,39.8456835056049,40.020381423788,0,0,2,"RAP del Agua y la Montaña"
"824",20443,"Manaure","Cesar","Serrania Del Perija",0,59.5954818725586,68.8430772714258,59.7317928158706,0,0.0052959056237406,27,43,0,81,0,0,7648,1379,59.481677581162,59.481677581162,44.0540540540541,44.0540540540541,3,"RAP Caribe"
"825",76845,"Ulloa","Valle del Cauca","Norte Del Valle",0,29.5068511962891,73.7940538592192,60.276017187527,0,-1.02262261582158,2,0,0,14,0,0,3938,2005,47.3451327433628,47.3451327433628,48.1020942408377,48.1020942408377,1,"RAP Pacífico"
"826",52001,"Pasto","Nariño","Centro De Nariño",0,21.7302093505859,66.4285420445224,69.9544814332062,2,-0.223850830963392,96,110,0,587,0,0,308195,65139,53.9941870889993,54.0292146732218,57.8499369482976,58.1084489281211,14,"RAP Pacífico"
"827",52540,"Policarpa","Nariño","Patia",1,63.8372039794922,64.208307026982,62.5365559611973,23,3.22810727505503,71,258,0,392,1471.86,0,7228,5393,37.9292128895932,37.9027997886952,45.5576239634456,45.4391606024708,2,"RAP Pacífico"
"828",23419,"Los Córdobas","Córdoba","Norte De Cordoba",0,84.8012619018555,45.1698660868859,54.6998156997778,1,-0.758823177405738,2,3,0,89,0,0,13008,10501,57.0058896041638,56.8963155732092,66.6083680882551,66.7563567872999,4,"RAP Caribe"
"829",76863,"Versalles","Valle del Cauca","Norte Del Valle",0,24.9477787017822,62.5815544174217,59.028530247289,1,-0.937611281601796,1,1,0,30,0,0,5206,1916,40.6482246077622,40.6895127993394,40.7663316582915,40.7349246231156,2,"RAP Pacífico"
"830",41660,"Saladoblanco","Huila","Sur Del Huila",0,50.7399749755859,65.5114460514961,57.3105299266518,0,-0.737987306937553,6,2,1,36,0,0,6652,5460,53.5774647887324,53.5774647887324,58.5452695829095,58.5452695829095,2,"RAP (E) Central"
"831",41668,"San Agustín","Huila","Macizo Colombiano",0,50.9382095336914,63.9110022266638,58.5299884234343,0,-0.34922898135698,49,23,0,137,0,0,23907,15913,45.299547298489,45.2936680580869,49.8997709049255,50.0429553264605,3,"RAP (E) Central"
"832",52560,"Potosí","Nariño","Sur De Nariño",0,52.9740753173828,63.3478696101362,58.4097766343927,0,-0.737966204423068,25,4,1,7,0,0,7519,5915,54.5492142266336,52.8535980148883,58.4647302904564,58.5477178423236,2,"RAP Pacífico"
"833",27495,"Nuquí","Chocó","Litoral Pacifico",0,49.1098327636719,49.9120032501318,53.5799164993695,12,-0.36086462839738,1,17,0,56,0,0,9830,9015,42.8805774278215,43.3398950131234,53.6356209150327,54.6160130718954,1,"RAP Pacífico"
"834",25885,"Yacopí","Cundinamarca","Magdalena Medio",0,67.2231292724609,64.3051110089331,63.7220973399127,0,0.203956271834323,17,4,0,347,0,0,10175,6860,45.2319365407829,45.3009139506811,48.4609878310666,49.3915533285612,3,"RAP (E) Central"
"835",68820,"Tona","Santander","Provincia De Soto",0,28.9510078430176,65.6344302987167,58.8287198328469,0,0.294992842017777,52,22,1,61,0,0,5566,4901,53.2442748091603,53.2442748091603,53.406292749658,53.406292749658,1,"RAP Gran Santander"
"836",54498,"Ocaña","Norte de Santander","Catatumbo",0,31.8622303009033,62.2231152309352,62.7985998664247,25,0.890635319204034,114,330,0,1065,24.24,0,95055,9194,54.8643052679849,54.9546294623626,57.0796460176991,57.0796460176991,3,"RAP Gran Santander"
"837",13458,"Montecristo","Bolívar","La Mojana",0,68.2559967041016,41.3649715685453,49.9581031344946,14,0.670893222240504,49,93,1,177,688.02,1771.74,11260,8812,46.8033775633293,46.8275030156815,47.1272388927658,47.010932775064,3,"RAP Caribe"
"838",19450,"Mercaderes","Cauca","Patia",1,62.0732040405273,56.1948213053843,55.4145468883478,3,0.312076405239685,27,20,0,329,45.46,91.37,17898,13434,39.0887623281011,39.0748715099319,45.4275092936803,44.7137546468402,2,"RAP Pacífico"
"839",23464,"Momil","Córdoba","Norte De Cordoba",0,66.9534759521484,56.9990287240239,62.1653413848367,1,-0.855976444437014,0,1,0,42,0,0,14592,5897,73.2499124956248,72.8648932446622,78.7698412698413,78.8888888888889,2,"RAP Caribe"
"840",70508,"Ovejas","Sucre","Montes De Maria",1,65.6793594360352,66.0421390321996,58.3300295935395,6,1.28083519631217,68,140,0,384,0,0,17151,8647,65.7257465458327,65.9708809983658,74.6569703622393,76.2211855104281,3,"RAP Caribe"
"841",5887,"Yarumal","Antioquia","Norte De Antioquia",0,34.2810440063477,67.2422702584219,63.4413251609713,16,1.38815386921046,100,235,0,680,113.81,0,31521,7570,34.9081455805893,34.8388214904679,33.1739763043026,33.1947620037414,4,"RAP del Agua y la Montaña"
"842",73686,"Santa Isabel","Tolima","Norte Del Tolima",0,38.5669555664062,57.675763625119,58.2575217025485,0,-0.327688264533524,25,4,1,57,0,0,3994,2395,40.9851088201604,40.9392898052692,49.1293532338308,49.1293532338308,3,"RAP (E) Central"
"843",5120,"Cáceres","Antioquia","Bajo Cauca Antioqueño",1,65.9274597167969,59.7706280397374,61.0809374420425,72,0.37384666879839,58,28,0,505,1869.62,3188.81,18861,14121,23.6190708450189,24.0458480673089,32.0694033008887,31.9847651290732,1,"RAP del Agua y la Montaña"
"844",5044,"Anza","Antioquia","Occidente Antioqueño",0,62.0686569213867,70.5507950324888,57.3701250627592,1,1.15949089616685,36,15,0,225,0,0,5176,3833,28.8888888888889,28.9163237311385,39.485766758494,39.485766758494,1,"RAP del Agua y la Montaña"
"845",68855,"Valle de San José","Santander","Provincia De Guanenta",0,33.7613296508789,60.5697360514992,61.7756895522804,0,-1.04156747805051,0,1,0,7,0,0,4678,2651,51.8125770653514,51.7632552404439,61.5269461077844,61.377245508982,1,"RAP Gran Santander"
"846",66687,"Santuario","Risaralda","Eje Cafetero",0,28.8562717437744,68.9930377654803,58.1760746593618,0,-0.442462234624771,15,15,0,131,0,0,9577,4173,43.4972905377241,43.5389745727386,43.9642324888227,44.0387481371088,1,"RAP Eje Cafetero"
"847",27001,"Quibdó","Chocó","Atrato",0,84.4337615966797,62.2994780972326,60.8857982750479,52,0.0340941809933412,65,169,0,734,26.06,2038.56,86374,11900,48.8838329764454,49.3616167023555,51.9021283727166,53.8796715267303,9,"RAP Pacífico"
"848",41676,"Santa María","Huila","Norte Del Huila",0,45.8606910705566,59.9985380541078,59.6399271546679,0,-0.762080179160853,25,1,0,20,0,0,6944,5303,47.5868861685662,47.6431687069087,52.9296875,52.9296875,4,"RAP (E) Central"
"849",23466,"Montelíbano","Córdoba","Alto Sinu Y San Jorge",1,53.383602142334,60.9281619890665,66.3258096527431,13,0.50697179529977,124,28,0,708,1143.27,0,57659,13444,51.0104587691154,51.1312971373807,54.064139941691,54.064139941691,2,"RAP Caribe"
"850",41770,"Suaza","Huila","Sur Del Huila",0,53.7594528198242,75.2854901763438,60.972239256907,0,-0.511858482637581,33,14,0,49,0,0,14986,11997,43.7454957273757,43.7249047668074,47.1748198710656,47.1748198710656,2,"RAP (E) Central"
"851",5147,"Carepa","Antioquia","Uraba",1,48.9317474365234,64.205939427745,60.3046730204431,7,1.25115261356645,111,46,0,1189,0,0,34832,8368,37.6296006483526,37.646368387223,34.7795062080776,34.6796061081775,4,"RAP del Agua y la Montaña"
"852",18610,"San José del Fragua","Caquetá","Florencia Y Area De Influencia",1,56.3694801330566,66.9346421214262,63.1672976417286,1,2.05510163094163,44,126,0,401,781.94,98.89,8335,3755,43.4141848326681,43.5216456862143,40.8063300678222,40.9947249434815,4,"RAP Amazonia"
"853",52565,"Providencia","Nariño","Centro Occidente De Nariño",0,85.0713882446289,54.0007387749184,61.7229718584867,1,-0.962917210532308,2,7,0,8,0,0,4132,3022,63.6341872157051,63.9454153698827,70.9558823529412,70.9558823529412,2,"RAP Pacífico"
"854",73770,"Suárez","Tolima","Norte Del Tolima",0,57.4174652099609,54.8589459818809,57.6027578141457,0,-1.07581229387089,0,0,0,7,0,0,2945,1714,49.7354497354497,49.7632971317182,60.1580135440181,60.1580135440181,1,"RAP (E) Central"
"855",50370,"Uribe","Meta","Ariari Guayabero",1,77.3723754882812,57.0657765278047,58.1595343810016,17,6.32176097203315,387,56,33,259,0,0,6229,4849,33.7928464977645,33.7928464977645,39.1454466983168,39.2749244712991,2,"RAP (E) Central"
"856",41791,"Tarqui","Huila","Sur Del Huila",0,41.3715324401855,63.4259995746003,57.8599693083599,0,-0.806315892459869,19,5,0,21,0,0,11861,8122,53.6457530445506,53.6611684908278,59.4677388474057,59.5060310166571,2,"RAP (E) Central"
"857",27580,"Río Iro","Chocó","Valle De San Juan",0,82.6315460205078,53.3548320229075,52.8761125737151,1,-0.899150664599819,0,1,0,20,26.31,459.11,3496,2578,50.1809954751131,49.5022624434389,58.4311632870864,57.5773745997866,1,"RAP Pacífico"
"858",76869,"Vijes","Valle del Cauca","Sur Del Valle",0,26.5339279174805,68.1261517847123,60.8090451323514,0,-0.990912798704165,0,1,0,32,0,0,9691,3516,43.6703155183516,44.0824211204121,46.4703795672224,46.7186945725435,1,"RAP Pacífico"
"859",41799,"Tello","Huila","Norte Del Huila",0,50.7632713317871,58.8848698149882,59.3864450967082,0,-0.506783472987656,25,17,0,49,0,0,8143,4542,47.700308792459,47.7165610271412,46.8530020703934,47.1221532091097,3,"RAP (E) Central"
"860",70523,"Palmito","Sucre","Morrosquillo Y Sabanas De Sucre",1,79.0839996337891,56.8709399160428,58.7818594879697,2,-0.867784015158762,1,7,0,43,0,0,10155,6596,68.3400160384924,68.869286287089,72.99194177281,73.1219131791006,2,"RAP Caribe"
"861",19455,"Miranda","Cauca","Norte Del Cauca",1,43.2629241943359,70.0582695392676,71.3422747028294,18,0.449309779480425,53,34,5,335,38.46,0,24178,10364,52.2028206850235,52.175957018133,56.7975160789532,56.7975160789532,3,"RAP Pacífico"
"862",81736,"Saravena","Arauca","Sarare",1,37.2507553100586,67.0456367048526,63.2147836892514,76,2.79274652102876,323,83,0,1017,0,0,43771,10520,45.2232114668182,45.2263686304224,50.5583756345178,50.5583756345178,6,"RAP Llanos"
"863",13468,"Mompós","Bolívar","Sur De Bolivar",0,47.1714897155762,42.5612849654189,60.5533513231962,0,-0.89580569548444,0,5,0,64,0,0,31635,15338,54.0151098213839,54.330314704558,66.1114230457296,66.2861064320918,1,"RAP Caribe"
"864",8001,"Barranquilla","Atlántico","Norte De Atlantico",0,22.2672100067139,66.2872174573512,67.834989444405,16,-0.624168368394449,36,62,0,1372,0,0,971606,424,56.1327466748738,56.1835663438905,69.0059193262952,69.1157624946604,11,"RAP Caribe"
"865",23001,"Montería","Córdoba","Alto Sinu Y San Jorge",0,47.0862998962402,62.7719304451297,69.4464916839084,11,-0.319630086195418,55,52,0,1977,0,0,369591,77303,53.8198578383412,53.9004082530776,59.240218066386,59.126354288869,8,"RAP Caribe"
"866",41801,"Teruel","Huila","Centro Del Huila",0,38.7367172241211,61.792387004583,54.771898857789,1,-0.867550489594054,5,5,0,12,0,0,5617,2616,57.2935779816514,57.3088685015291,35.3333333333333,35.3333333333333,3,"RAP (E) Central"
"867",15835,"Turmequé","Boyacá","Altiplano Cundiboyacense",0,34.0487823486328,58.4658733457853,59.1725106617224,0,-0.983014831194573,0,0,0,2,0,0,4602,2950,40.4996481351161,40.7107670654469,0,0,1,"RAP (E) Central"
"868",5667,"San Rafael","Antioquia","Oriente Antioqueño",0,46.9557456970215,59.7451085334567,64.3920889670703,0,2.67438048447196,30,49,0,736,0,0,12035,5416,39.2980099084726,39.3315979511294,36.3238512035011,36.3238512035011,3,"RAP del Agua y la Montaña"
"869",5890,"Yolombó","Antioquia","Nordeste Antioqueño",0,38.8737106323242,61.8677160217669,58.4645789992115,2,1.44705771881522,33,43,3,703,9.92,2.29,17576,11231,28.2932324776696,28.3093264665647,38.7032842582106,38.6749716874292,4,"RAP del Agua y la Montaña"
"870",47551,"Pivijay","Magdalena","Cienaga Grande De Santa Marta",0,53.9419212341309,55.5344415694231,62.3541899329885,4,0.0601019437685057,14,36,0,605,0,0,27447,11479,60.6392894347278,60.6886342452985,67.2542181166934,65.6423791120747,4,"RAP Caribe"
"871",41797,"Tesalia","Huila","Centro Del Huila",0,38.6399955749512,68.8006117909433,62.3125848188316,0,-0.88863440856666,5,5,0,10,0,0,7616,3820,52.3959151610369,52.4116260801257,47.7710843373494,47.710843373494,3,"RAP (E) Central"
"872",73854,"Valle de San Juan","Tolima","Sur Del Tolima",0,53.2249984741211,56.7085235908008,51.7084085200706,0,-0.795123612787806,4,2,0,34,0,0,3952,2314,51.4764079147641,51.5981735159817,53.8976857490865,53.958587088916,3,"RAP (E) Central"
"873",44430,"Maicao","La Guajira","Alta Guajira",0,58.9033889770508,57.6542997872778,68.3602029488678,9,-0.128097117821232,53,76,0,1277,0,0,119032,39262,44.5593611699057,44.6469116798153,32.3001980622022,32.4500829720036,5,"RAP Caribe"
"874",5411,"Liborina","Antioquia","Occidente Antioqueño",0,36.1412811279297,72.2876021251559,55.070369088352,1,0.411187518205123,19,17,0,179,0,0,7655,5430,38.405400474366,38.4966247035213,47.097280334728,47.1234309623431,3,"RAP del Agua y la Montaña"
"875",13188,"Cicuco","Bolívar","Sur De Bolivar",0,67.9366760253906,54.5287914980195,54.5884715426824,0,-0.948527621446483,0,1,0,6,0,0,9345,3377,58.1789229878402,58.35263462652,72.8836424957841,72.7150084317032,1,"RAP Caribe"
"876",20517,"Pailitas","Cesar","Sur De Cesar",0,57.5076026916504,52.239128748223,61.4729574507226,7,1.6725475483824,39,133,0,387,0,0,13769,3325,48.8459139114161,48.7289457267623,48.5244040862656,48.6379114642452,5,"RAP Caribe"
"877",5051,"Arboletes","Antioquia","Uraba",0,74.0622253417969,68.6341572029638,55.146963111922,2,0.431049927076036,26,24,4,528,0,0,20275,11881,45.1370143149284,45.1370143149284,59.3765221626888,59.4252313687287,2,"RAP del Agua y la Montaña"
"878",54518,"Pamplona","Norte de Santander","Suroccidente De Norte De Santander",0,24.6927642822266,60.1648709422107,61.7408419578761,1,-0.564720243525529,34,32,0,199,0,0,41389,2680,53.5488087993328,53.5758559289562,58.2116788321168,58.2116788321168,5,"RAP Gran Santander"
"879",19473,"Morales","Cauca","Norte Del Cauca",1,71.7997512817383,69.9714518472442,56.6915564188847,27,-0.486586229232696,36,26,0,40,648.76,0,27483,26096,47.5956337889665,47.9103156652572,42.805637495903,42.9367420517863,2,"RAP Pacífico"
"880",5086,"Belmira","Antioquia","Norte De Antioquia",0,29.5997695922852,70.4887963496386,57.0815871410295,2,0.382451349399956,12,16,3,76,0,0,4389,2914,42.4355495251018,42.4694708276798,44.1022964509395,44.1022964509395,2,"RAP del Agua y la Montaña"
"881",47555,"Plato","Magdalena","Cienaga Grande De Santa Marta",0,64.3174209594727,54.7683435451628,54.7723818062265,1,-0.405982627079476,13,39,0,495,0,0,43329,10011,58.8969119680442,58.8815486249808,68.2195448460509,68.4203480589023,2,"RAP Caribe"
"882",70670,"Sampués","Sucre","Morrosquillo Y Sabanas De Sucre",0,74.7469863891602,62.5012268146549,60.9470869288553,3,-0.916988831769219,8,9,0,93,0,0,34122,17042,72.0703465087933,71.8962214870277,80.2079114351289,80.2619144052923,4,"RAP Caribe"
"883",54520,"Pamplonita","Norte de Santander","Suroccidente De Norte De Santander",0,43.3092765808105,63.9076002100939,61.0555824001408,0,-0.811040953117898,1,0,0,27,0,0,4167,3246,65.9863945578231,65.9863945578231,66.8161434977578,66.8161434977578,1,"RAP Gran Santander"
"884",52573,"Puerres","Nariño","Sur De Nariño",0,47.5499305725098,67.4895337707706,63.5986558563978,0,-0.0190469997154751,65,19,2,11,0,0,6357,3797,64.1058747579083,64.1058747579083,72.6382085374388,72.5682295311407,1,"RAP Pacífico"
"885",5736,"Segovia","Antioquia","Nordeste Antioqueño",1,47.1826438903809,55.446005466296,50.7524783752108,31,2.36085588390401,202,88,0,1036,226.86,1142.47,27829,3999,26.0800680114383,26.1457608779658,28.5369774919614,25.2411575562701,1,"RAP del Agua y la Montaña"
"886",8638,"Sabanalarga","Atlántico","Canal Del Dique",0,33.9585876464844,62.9315960623874,59.8918527483797,2,-0.834597556950765,1,4,0,236,0,0,71296,17029,74.9731615673645,74.9712445364619,76.0753424657534,76.6438356164384,3,"RAP Caribe"
"887",23500,"Moñitos","Córdoba","Norte De Cordoba",0,77.7798919677734,41.7752406288281,54.0207809035454,3,-0.929766734668749,2,1,0,33,0,0,20358,16114,52.4422179209837,52.5219173403165,57.2812532206534,57.7553334020406,2,"RAP Caribe"
"888",8832,"Tubará","Atlántico","Occidente De Atlantico",0,35.7777786254883,51.665753589226,57.1255802592058,1,-0.716901053838648,0,2,0,50,0,0,13895,6728,75.3846153846154,75.6434219985622,77.5079197465681,77.1559310102077,3,"RAP Caribe"
"889",15837,"Tuta","Boyacá","Altiplano Cundiboyacense",0,30.4984169006348,61.5945435221398,74.3265466387421,0,-0.912047312734171,0,5,0,1,0,0,6031,4093,56.4801598629746,55.9948615472452,58.9164785553047,58.9164785553047,3,"RAP (E) Central"
"890",15839,"Tutazá","Boyacá","Altiplano Cundiboyacense",0,48.9187088012695,52.7974441182177,54.0121377723327,1,-0.693423562324348,4,0,0,11,0,0,1461,1292,53.3333333333333,53.3333333333333,60.2979842243646,60.2979842243646,2,"RAP (E) Central"
"891",20550,"Pelaya","Cesar","Sur De Cesar",0,61.1609687805176,70.1165770541895,60.4529786546916,6,2.51090487440134,46,157,4,497,0,0,15151,4593,50.9157509157509,50.7283414260158,60.6573223779604,60.7056549057516,3,"RAP Caribe"
"892",68861,"Vélez","Santander","Provincia De Velez",0,34.9857330322266,58.3657454547234,64.080871308689,0,-0.869491384069585,8,17,0,29,0,0,20196,8671,46.4758951226389,46.3631237665633,53.2201914708442,53.3072236727589,4,"RAP Gran Santander"
"893",47570,"Puebloviejo","Magdalena","Cienaga Grande De Santa Marta",0,61.9476928710938,52.9909793054997,55.4606067237479,1,-0.808625136189011,3,7,0,118,0,0,21283,14695,65.0793650793651,64.6882907752473,72.5104737350951,72.5910409281341,1,"RAP Caribe"
"894",70678,"San Benito Abad","Sucre","San Jorge (Cesar)",0,77.2639236450195,57.4749007636229,54.4315579053348,2,-0.638298514651898,13,23,0,124,0,0,20633,16508,57.1756601607348,56.8148269640807,64.9950536488852,62.2859751921467,3,"RAP Caribe"
"895",52585,"Pupiales","Nariño","Sur De Nariño",0,35.7843284606934,60.1653993513984,58.947923073105,1,-1.00998688277088,1,5,0,14,0,0,13391,8600,57.6763153686231,57.6603230449384,65.5013799448022,65.5013799448022,1,"RAP Pacífico"
"896",54553,"Puerto Santander","Norte de Santander","Area Metropolitana De Cucuta",0,43.40966796875,55.9372861028146,55.9038995508051,12,0.321092386512216,10,10,0,224,0,0,6179,344,33.5316585867489,33.5169678272367,0,0,1,"RAP Gran Santander"
"897",70702,"San Juan de Betulia","Sucre","Morrosquillo Y Sabanas De Sucre",0,61.3101654052734,51.2749325044283,59.1093809835128,1,-0.783983315998152,2,15,0,40,0,0,10597,5279,72.348383649479,72.4418915308576,79.3814432989691,79.1551420668846,2,"RAP Caribe"
"898",52612,"Ricaurte","Nariño","Anden Pacifico Sur",1,72.0473251342773,57.4784278528674,64.6279382044925,14,0.944028367237167,123,71,0,149,839.1,0,12445,10732,32.8850969118056,33.1633126217194,41.6390094460046,41.9453663517998,2,"RAP Pacífico"
"899",5142,"Caracolí","Antioquia","Nordeste Antioqueño",0,39.7248725891113,66.4380883246273,52.6433270432455,0,1.45469634096194,34,25,0,125,0,0,3577,1253,37.9123361952101,37.9123361952101,38.9578163771712,38.9578163771712,1,"RAP del Agua y la Montaña"
"900",44560,"Manaure","La Guajira","Alta Guajira",0,93.3276824951172,57.5079068771459,63.4049194509941,2,-0.998727473989313,7,4,0,23,0,0,53482,45581,42.3958717287136,42.583855510505,43.6236623067776,43.1257431629013,2,"RAP Caribe"
"901",23555,"Planeta Rica","Córdoba","Alto Sinu Y San Jorge",0,56.0723037719727,64.1191049079814,64.6110634014753,5,-0.430804542369585,39,12,0,319,0,0,45878,15758,50.5006329842329,50.4108643111981,59.0587779606856,58.3325263871405,3,"RAP Caribe"
"902",23570,"Pueblo Nuevo","Córdoba","Alto Sinu Y San Jorge",0,68.3666763305664,68.6707478265665,63.8727349884441,0,-0.693733930365784,18,5,0,112,0,0,25267,17837,59.219451111343,59.219451111343,72.7241939853698,72.7241939853698,4,"RAP Caribe"
"903",20570,"Pueblo Bello","Cesar","Sierra Nevada De Santa Marta",1,83.6761016845703,71.5048373106515,56.0825587709625,3,1.02160211709513,30,21,6,416,0,0,16334,10468,47.477083868757,47.4256832005483,34.1944030468621,34.0453717502898,6,"RAP Caribe"
"904",18753,"San Vicente del Caguán","Caquetá","Caguan",1,72.1093368530273,58.660681068795,60.7674116546676,27,2.65998104149361,339,154,0,763,84.61,0,33747,16584,30.7591676546339,30.7673439352439,26.7088154598592,27.8301324108314,4,"RAP Amazonia"
"905",19513,"Padilla","Cauca","Norte Del Cauca",0,33.5456047058105,53.4046445333307,56.6329109076576,3,-0.774830231931137,10,7,0,4,0,0,7553,4205,46.6458283241164,46.4534743928829,54.7422274695002,54.388036206218,1,"RAP Pacífico"
"906",19517,"Paez","Cauca","Norte Del Cauca",0,77.8078002929688,64.4687312973687,63.8068034348118,14,-0.288991441177385,58,6,2,38,0,0,28545,27026,46.3873601988283,46.3341026096219,48.7229588276343,48.5205861828332,3,"RAP Pacífico"
"907",5656,"San Jerónimo","Antioquia","Occidente Antioqueño",0,34.3255615234375,77.6266900230519,67.0902825070759,3,0.0325617502420211,1,9,0,211,0,0,12432,6282,44.5299145299145,44.5299145299145,39.2191142191142,39.2773892773893,3,"RAP del Agua y la Montaña"
"908",52621,"Roberto Payán","Nariño","Triángulo de Telembí",1,85.9857177734375,51.545597917515,57.8158330761892,18,-0.580411582220229,21,12,0,103,3059.39,116.55,7529,5435,48.0089111668059,48.0646059593428,50.5714285714286,50.4285714285714,2,"RAP Pacífico"
"909",27600,"Río Quito","Chocó","Valle De San Juan",0,98.8118209838867,61.8687440906559,54.8009215357447,2,-0.912349581629718,4,1,0,10,10.51,3851.37,5468,4058,49.2155723416618,49.9128413712958,66.2932389937107,66.0377358490566,1,"RAP Pacífico"
"910",27615,"Riosucio","Chocó","Atrato",1,92.4983139038086,50.1402040267818,61.6273711409624,32,4.13783092365354,349,57,0,1181,1036.14,270.68,38580,28168,41.9051352410819,42.1272703514961,31.7054203281748,32.4053192316665,2,"RAP Pacífico"
"911",8573,"Puerto Colombia","Atlántico","Amazonia Sur-Oriental",0,29.5950298309326,64.5668013785515,71.1349183914291,0,-0.916440170453349,0,4,0,21,0,0,40499,4931,68.1140428546131,68.096334336816,68.8876947877485,68.8518717535375,4,"RAP Caribe"
"912",19532,"Patía","Cauca","Patia",1,47.3004608154297,64.6693134872296,63.5415702487408,25,0.998314968928901,77,83,0,711,865.86,0.14,28142,17988,35.4311996933691,35.4541970103488,42.4072169027459,42.4705230671837,2,"RAP Pacífico"
"913",8560,"Ponedera","Atlántico","Centro Oriente De Atlantico",0,47.8111000061035,46.5090683253775,53.4406475198712,0,-0.764629679986382,0,1,0,76,0,0,17615,7359,67.8053830227743,67.512077294686,74.0596064814815,73.4519675925926,1,"RAP Caribe"
"914",52678,"Samaniego","Nariño","Occidente De Nariño",0,70.9491271972656,67.4437037015554,63.2305147902848,9,0.489378584264769,66,97,6,245,773.87,4.59,21483,14194,43.6121781192204,43.7402190923318,54.5697617890131,54.5940690325717,4,"RAP Pacífico"
"915",5234,"Dabeiba","Antioquia","Occidente Antioqueño",1,70.6103973388672,66.3784074167307,56.2865827828009,15,5.37188381836229,274,107,2,1544,0,12.94,14739,7340,33.672722432954,33.5396286683969,45.9831675592961,45.9066564651875,3,"RAP del Agua y la Montaña"
"916",23574,"Puerto Escondido","Córdoba","Norte De Cordoba",0,83.2325820922852,52.9026483349385,61.8907618564228,3,-0.902260744809615,0,0,0,57,0,0,16465,13641,47.2769028871391,46.8667979002625,59.2041833483128,58.9018710678977,3,"RAP Caribe"
"917",70742,"San Luis de Sincé","Sucre","Morrosquillo Y Sabanas De Sucre",0,58.3769340515137,56.854868222571,61.8085949098068,3,-0.861957142998948,18,14,0,48,0,0,23462,6587,60.9701740243729,61.1219118971976,67.1698113207547,67.2293942403178,6,"RAP Caribe"
"918",5040,"Anorí","Antioquia","Nordeste Antioqueño",1,56.5119819641113,64.3866679061226,67.5485233641288,18,1.96078333002299,139,36,0,476,1737.4,1226.84,12973,6758,23.4092431346283,23.319937486046,32.4498296099962,32.2605073835668,2,"RAP del Agua y la Montaña"
"919",13836,"Turbaco","Bolívar","Canal Del Dique",0,42.9663619995117,54.4136872738929,70.770617292117,0,-0.839457504730797,4,13,0,123,0,0,82866,7102,53.0704405049691,53.3440773569702,65.9935379644588,65.670436187399,4,"RAP Caribe"
"920",70708,"San Marcos","Sucre","San Jorge (Cesar)",0,61.6705551147461,51.0918618728461,58.1071954768458,1,-0.998513550130433,6,3,0,93,0,0,41647,18832,52.4383123866884,51.7715023200074,62.5143970940019,62.718171347568,5,"RAP Caribe"
"921",85440,"Villanueva","Casanare","Piedemonte Llanero",0,37.6975784301758,70.3891163550448,70.2611490615153,0,0.485844847161602,60,122,0,177,0,0,25417,6039,53.9139344262295,54.1495901639344,61.8313689936537,61.4687216681777,5,"RAP Llanos"
"922",86885,"Villagarzón","Putumayo","Medio Putumayo",1,69.2089996337891,55.7838864316566,64.6030940833611,6,0.413633390048452,62,46,0,321,1358.24,22.5,16770,6302,52.2658402203857,52.3071625344353,52.5221238938053,52.5221238938053,3,"RAP Amazonia"
"923",8685,"Santo Tomás","Atlántico","Centro Oriente De Atlantico",0,39.5407257080078,60.6509397767162,62.8520205651826,0,-0.930846423900674,0,0,0,22,0,0,24037,1235,69.8056576874015,70.0420199594808,66.6666666666667,66.6666666666667,1,"RAP Caribe"
"924",19533,"Piamonte","Cauca","Macizo Colombiano",0,90.9124984741211,56.4314283973301,62.2080192976393,1,0.679754363555599,12,19,0,169,1550.09,45.54,6056,4699,40.1467889908257,40,38.2175832998796,38.2577278201525,1,"RAP Pacífico"
"925",23580,"Puerto Libertador","Córdoba","Alto Sinu Y San Jorge",1,67.0683135986328,54.7549016632046,58.4792607554224,25,1.52164129935325,190,23,0,783,1374.26,66.11,27483,18345,46.1975407645015,45.6495589414595,57.4358090642771,57.6684473548165,4,"RAP Caribe"
"926",8296,"Galapa","Atlántico","Norte De Atlantico",0,34.4884796142578,67.1447121565944,65.2831507168604,0,-0.896886814909032,0,1,0,55,0,0,47091,3194,67.3838278813085,67.3971580154096,73.3031674208145,73.0769230769231,5,"RAP Caribe"
"927",5495,"Nechí","Antioquia","La Mojana",1,61.596866607666,58.4639449505734,60.3451919665035,8,0.249969391203655,49,43,0,266,365.53,3338.84,17261,7231,38.5064494229464,38.520027155465,33.5245901639344,33.3333333333333,2,"RAP del Agua y la Montaña"
"928",70713,"San Onofre","Sucre","Montes De Maria",1,70.6587829589844,52.1267898074541,57.5720847535608,3,0.0710234430626516,48,64,0,609,0,0,33701,20810,50.371080930984,50.6639066996516,60.2645479160194,60.3488836610591,3,"RAP Caribe"
"929",52685,"San Bernardo","Nariño","Norte De Nariño",0,76.1418304443359,62.9080273602402,63.7332844529184,0,-0.711542039766293,2,31,0,9,0,0,7016,5023,72.2095271576727,72.2271049393566,73.4094616639478,73.4094616639478,2,"RAP Pacífico"
"930",27660,"San José del Palmar","Chocó","Valle De San Juan",0,62.3882446289062,49.0669718318279,52.44032194716,14,0.856553325454894,15,21,0,109,1040.35,38.54,3272,2516,39.8868458274399,39.6982555398397,41.4088529271775,41.2184673964779,2,"RAP Pacífico"
"931",27745,"Sipí","Chocó","Valle De San Juan",1,75.7051162719727,47.0904613363714,58.0638036313913,8,0.226504539627672,8,4,10,12,382.06,666.73,1954,1532,47.0365699873897,45.7755359394704,58.6072423398329,57.6044568245125,1,"RAP Pacífico"
"932",54660,"Salazar","Norte de Santander","Provincia De Ricaurte",0,47.582633972168,61.1813957636769,58.2671970795432,1,-0.1641212690852,30,10,0,96,0,0,7602,4454,55.9664895790764,55.9869227625664,62.9496402877698,62.916939175932,2,"RAP Gran Santander"
"933",5059,"Armenia","Antioquia","Occidente Antioqueño",0,42.2643661499023,54.8399173614274,58.1220381701728,0,-0.411211280825384,0,1,0,47,0,0,4123,2468,34.7192353643967,35.6511350059737,39.1653290529695,38.6837881219904,2,"RAP del Agua y la Montaña"
"934",50001,"Villavicencio","Meta","Piedemonte Llanero",0,20.9587383270264,73.9645467562079,68.9369292586666,11,0.146826692916414,118,229,0,1946,0,0,410606,31724,54.4038389228097,54.4384560750118,58.761721087983,58.9479284431735,26,"RAP (E) Central"
"935",8606,"Repelón","Atlántico","Canal Del Dique",0,54.0659637451172,56.6957308082121,55.6709568755893,0,-0.843758493599226,0,3,0,56,0,0,19511,6405,70.3113891653633,70.3327171903882,74.866521653154,74.8467470832509,2,"RAP Caribe"
"936",68867,"Vetas","Santander","Provincia De Soto",0,23.2933006286621,68.362986288052,59.289965669871,0,-0.667856505360973,4,6,0,3,0,0,1614,1026,55.4109589041096,55.4109589041096,0,0,1,"RAP Gran Santander"
"937",23586,"Purísima","Córdoba","Norte De Cordoba",0,72.5903015136719,60.5403234414407,58.4033326837603,0,-0.928522843157658,0,0,0,26,0,0,12463,7184,65.6831549513065,64.9696268440845,72.9622871046229,72.3540145985401,3,"RAP Caribe"
"938",5490,"Necoclí","Antioquia","Uraba",1,79.1113052368164,67.3400182229584,55.2400211832882,7,0.667704021256289,91,37,0,901,0,0,27742,18056,36.2507720815318,36.1148857319333,45.635722950725,45.2429091329213,2,"RAP del Agua y la Montaña"
"939",19548,"Piendamó","Cauca","Norte Del Cauca",1,42.7507247924805,69.6033533901008,64.8545091854149,7,0.274526781006608,39,148,4,53,8.58,0,31237,20798,40.6119080868351,40.6309508696204,52.3261672824992,52.3429627141418,2,"RAP Pacífico"
"940",47605,"Remolino","Magdalena","Cienaga Grande De Santa Marta",0,65.3405227661133,43.2207737714904,55.9781179360632,0,0.107536133267891,0,5,0,185,0,0,8509,3036,67.4059003051882,68.7080366225839,69.475204622051,69.475204622051,2,"RAP Caribe"
"941",70717,"San Pedro","Sucre","Morrosquillo Y Sabanas De Sucre",0,59.8543586730957,47.6528790444684,62.9591964495933,1,-0.314300410727266,27,26,0,121,0,0,13911,4900,64.9408887077049,64.9816551161843,67.6158570630932,67.6158570630932,3,"RAP Caribe"
"942",68872,"Villanueva","Santander","Provincia De Guanenta",0,35.814281463623,63.5526579772333,60.9117210235693,0,-1.14117444320352,NA,NA,NA,NA,0,0,6089,2212,54.5553652079115,54.2906089394175,0,0,2,"RAP Gran Santander"
"943",13744,"Simití","Bolívar","Magdalena Medio",1,71.2180938720703,51.4299238578051,57.5962161665523,13,2.85792662440194,113,123,10,418,2011.06,929.32,12923,8655,48.2632541133455,48.1302974904437,50.4510414958176,50.3690339511235,2,"RAP Caribe"
"944",70820,"Santiago de Tolú","Sucre","Morrosquillo Y Sabanas De Sucre",0,50.5058937072754,57.1196965687461,56.8207760861787,0,-0.880394459260557,0,18,0,104,0,0,23423,4524,58.2433258610149,58.4420216017934,67.6888764984667,67.577362698634,6,"RAP Caribe"
"945",19001,"Popayán","Cauca","Macizo Colombiano",0,19.1165447235107,71.019349618771,68.1929645059998,14,-0.489722445424845,48,106,0,402,0,0,257900,45803,49.2525166582662,49.2982950998571,52.7547734069473,52.6512537382103,15,"RAP Pacífico"
"946",13657,"San Juan Nepomuceno","Bolívar","Montes De Maria",1,58.5585899353027,65.8848279585378,58.5528521457271,1,0.151889864828217,20,72,0,424,0,0,28398,7646,59.6611964002118,59.9381031885002,66.682808716707,66.7635189669088,2,"RAP Caribe"
"947",23660,"Sahagún","Córdoba","Norte De Cordoba",0,59.9970359802246,72.8216332241002,65.7082230618181,2,-0.823622634701957,8,17,0,179,0,0,80643,40564,58.2826545199041,58.4498340319337,66.0269655956194,66.0011364810414,6,"RAP Caribe"
"948",41807,"Timaná","Huila","Sur Del Huila",0,38.0063323974609,62.9009219190126,61.0790365823892,0,-0.723964748026666,6,13,0,79,0,0,15519,10100,49.7640466007963,49.9410116501991,58.7460484720759,58.9041095890411,2,"RAP (E) Central"
"949",23670,"San Andrés Sotavento","Córdoba","Norte De Cordoba",0,88.1865081787109,66.2521357327609,58.4477129043828,0,-0.682302049670973,14,2,0,164,0,0,31439,24656,67.1948121406605,67.4421714132906,72.3060267051606,72.4287260916637,5,"RAP Caribe"
"950",73861,"Venadillo","Tolima","Norte Del Tolima",0,37.4676170349121,59.3734772844871,65.5499782249616,1,-0.0165613460330176,23,98,0,72,0,0,9441,2820,45.1118602513025,45.1016447032383,47.1533516988062,47.1992653810836,4,"RAP (E) Central"
"951",44001,"Riohacha","La Guajira","Sierra Nevada De Santa Marta",0,55.1712188720703,61.1164211939683,63.6924026021265,8,0.00457428839822818,95,125,0,1053,0,0,132589,32219,46.1697345240265,46.2740214243768,50.403202413413,51.4184602889134,7,"RAP Caribe"
"952",47660,"Sabanas de San Angel","Magdalena","Cienaga Grande De Santa Marta",0,75.0972290039062,60.6503950460133,56.3080556565055,0,-0.19536492626905,6,7,0,235,0,0,10599,7675,61.2744046341987,61.4674962454409,64.1985095925162,64.2143649912795,4,"RAP Caribe"
"953",17873,"Villamaría","Caldas","Eje Cafetero",0,15.3348321914673,69.80498983585,67.317757246662,0,-0.89323587276292,1,6,0,82,0,0,53130,5591,57.9104050379276,58.0191784743094,53.0885908990987,52.9566937788525,2,"RAP Eje Cafetero"
"954",8520,"Palmar de Varela","Atlántico","Centro Oriente De Atlantico",0,45.0794906616211,55.3127155779123,47.6121458805217,0,-0.934761524807805,0,1,0,17,0,0,22749,893,74.004131012098,74.2696960755385,75.1196172248804,74.6411483253589,2,"RAP Caribe"
"955",19573,"Puerto Tejada","Cauca","Norte Del Cauca",0,23.4792728424072,65.0632265104562,60.5848680706414,2,-0.536501229741512,6,5,0,358,0,0,31179,4624,45.0746981376629,45.2759396957501,49.8143773202835,49.746878164023,2,"RAP Pacífico"
"956",5125,"Caicedo","Antioquia","Occidente Antioqueño",0,67.9319534301758,72.7054175967474,55.2142185103727,0,1.39797342935686,78,22,2,182,0,0,6042,4384,38.3474929202066,38.3474929202066,36.7647058823529,36.7647058823529,2,"RAP del Agua y la Montaña"
"957",20614,"Río de Oro","Cesar","Sur De Cesar",0,57.8750114440918,58.2701830950447,60.7572621247464,5,0.795085510513651,26,100,0,153,0,0,13259,6844,54.6411012782694,54.4247787610619,64.0361445783133,64.5983935742972,2,"RAP Caribe"
"958",5045,"Apartadó","Antioquia","Uraba",1,38.6247177124023,70.3944964866842,63.5056725122612,12,1.67493383355236,143,100,0,4385,1.86,0,90867,12857,37.660139630004,37.8211607625585,40.2452619843924,39.8829431438127,5,"RAP del Agua y la Montaña"
"959",5686,"Santa Rosa de Osos","Antioquia","Norte De Antioquia",0,24.7420520782471,66.903730104423,67.4185136318928,1,0.332253935197667,67,40,0,394,0,0,28078,10788,44.9675847165387,44.9216055910617,49.3627133290127,49.2330957010153,5,"RAP del Agua y la Montaña"
"960",44650,"San Juan del Cesar","La Guajira","Sierra Nevada De Santa Marta",1,45.5761833190918,64.502608248611,63.9969302211549,3,0.752006045460402,51,127,1,549,0,0,35667,10142,50.4795117698344,50.690588721149,63.2117479867361,63.28754144955,5,"RAP Caribe"
"961",47675,"Salamina","Magdalena","Cienaga Grande De Santa Marta",0,76.45458984375,60.6556771172433,55.2428614432648,1,-0.323858309267647,3,3,0,110,0,0,8277,2864,62.8727272727273,63.0909090909091,69.4444444444444,70.0564971751412,2,"RAP Caribe"
"962",23672,"San Antero","Córdoba","Norte De Cordoba",0,74.6254425048828,61.9257829226283,61.2259548889526,0,-0.904581314208439,0,1,0,62,0,0,24023,12564,62.0354417917795,61.3278365739601,66.042376087779,64.8316307226636,5,"RAP Caribe"
"963",23675,"San Bernardo del Viento","Córdoba","Norte De Cordoba",0,74.3210220336914,48.8659327708841,56.8217009684255,0,-0.961855832174867,0,2,0,31,0,0,25533,19223,42.7914939628762,42.9536853487115,59.9180586196029,59.9621809013552,3,"RAP Caribe"
"964",47692,"San Sebastián de Buenavista","Magdalena","Sur De Magdalena",0,71.5686340332031,55.65191947337,57.3626358408546,0,-0.863987146374892,1,2,0,66,0,0,13779,9761,52.1085225597169,52.226481863757,58.5525642338008,58.6446923943085,2,"RAP Caribe"
"965",19585,"Puracé","Cauca","Macizo Colombiano",0,77.2371597290039,49.8536663559421,60.3601818429275,3,0.185405671899951,91,23,0,73,0,0,12530,11495,41.1428571428571,41.1428571428571,49.2811501597444,48.9816293929712,3,"RAP Pacífico"
"966",17877,"Viterbo","Caldas","Eje Cafetero",0,25.6545600891113,73.7720581358862,62.4204815441389,0,-0.112589714790293,14,10,0,165,0,0,10194,1327,49.0368739680792,49.1390832612627,46.8965517241379,46.8965517241379,2,"RAP Eje Cafetero"
"967",47703,"San Zenón","Magdalena","Sur De Magdalena",0,79.8813705444336,51.1412923300269,49.2814742657681,0,-0.900644342469139,0,1,0,29,0,0,7803,6953,54.9840933191941,55.5673382820785,66.5653957162388,67.3553091295762,1,"RAP Caribe"
"968",5642,"Salgar","Antioquia","Suroeste Antioqueño",0,41.357593536377,64.4332169183866,60.4566023487048,2,1.033443470231,27,37,0,520,0,0,13874,7519,31.5106497225703,31.5732951494541,29.260182876143,29.2186201163757,2,"RAP del Agua y la Montaña"
"969",19622,"Rosas","Cauca","Macizo Colombiano",0,64.181755065918,63.77949569164,56.4649273029761,3,-0.105898780449135,43,20,0,84,10.92,0,9191,8435,46.7706760610636,46.636470390874,51.3903936439148,51.2820512820513,2,"RAP Pacífico"
"970",41872,"Villavieja","Huila","Norte Del Huila",0,41.4888114929199,59.2773098042334,56.6725490447687,0,-0.792068271202954,4,5,1,8,0,0,5355,3592,54.6301688992429,54.5136866627839,58.3676051882316,58.335969629864,2,"RAP (E) Central"
"971",54599,"Ragonvalia","Norte de Santander","Suroriente De Norte De Santander",0,44.4330711364746,63.909118806696,57.4246345597324,0,-0.702760102576042,5,1,2,22,0,0,4733,2408,49.2438271604938,49.2283950617284,48.4597156398104,48.4597156398104,2,"RAP Gran Santander"
"972",52687,"San Lorenzo","Nariño","Norte De Nariño",0,56.8168067932129,57.5555471702573,63.0837507755706,0,-1.03679398872356,1,3,0,11,0,0,14154,12439,59.8192882168541,59.8008482389821,67.2684148109105,67.3738305442087,3,"RAP Pacífico"
"973",5030,"Amagá","Antioquia","Suroeste Antioqueño",0,28.6746807098389,72.680584370644,64.4151529661551,0,-0.228880320713166,6,16,0,335,0,0,24978,11847,35.9627360639968,36.0336185509594,34.1405319571258,34.4184200079397,3,"RAP del Agua y la Montaña"
"974",5665,"San Pedro de Urabá","Antioquia","Uraba",1,79.8866577148438,65.0710769038535,54.3871109143482,2,1.33391981061041,104,26,0,802,0,0,21551,11069,40.7228073678431,40.7078320770728,50.1522327469553,50.1522327469553,3,"RAP del Agua y la Montaña"
"975",85001,"Yopal","Casanare","Piedemonte Llanero",0,31.3529071807861,73.5130093821245,74.3262999183712,7,0.156377151568994,98,178,0,881,0,0,128285,17290,53.9326189349843,54.0457434336371,57.2049795361528,57.3158253751705,6,"RAP Llanos"
"976",5756,"Sonsón","Antioquia","Oriente Antioqueño",0,32.3401832580566,68.124839049946,66.371615361241,1,2.73236962184207,173,244,0,965,2.56,148.46,27781,12550,39.2188900015812,39.1661835239551,43.3575445173383,43.3809746954077,5,"RAP del Agua y la Montaña"
"977",19693,"San Sebastián","Cauca","Macizo Colombiano",0,74.8819427490234,60.6284300029537,59.1586200953892,0,-0.141526946549255,4,27,5,25,0,0,8671,8261,37.4847374847375,37.3626373626374,56.7265395894428,56.7448680351906,2,"RAP Pacífico"
"978",23678,"San Carlos","Córdoba","Norte De Cordoba",0,70.9394912719727,37.5206734482787,56.5128570373187,1,-0.836349207641249,7,0,0,61,0,0,19217,15912,56.8547288089398,56.4458980648678,55.6988536155203,55.1807760141093,4,"RAP Caribe"
"979",20710,"San Alberto","Cesar","Magdalena Medio",0,38.1342391967773,67.9510783140449,70.1962001743009,0,1.61922178214503,94,40,0,706,0,0,20066,3967,47.0524366098231,47.0268889314684,47.3170731707317,47.212543554007,4,"RAP Caribe"
"980",81065,"Arauquita","Arauca","Sarare",1,50.531665802002,65.2479129359866,67.1990401916149,97,2.97942066326485,391,92,0,549,0,0,37445,26983,47.6164171684251,47.6385129536541,50.0970514835012,50.0415934929291,2,"RAP Llanos"
"981",13600,"Río Viejo","Bolívar","Magdalena Medio",0,82.3576202392578,42.68848958697,51.5295374908627,1,-0.212965044470889,12,43,0,101,100.22,500.04,7421,3927,55.8756805807622,55.9210526315789,68.4689812179852,68.1844052361981,2,"RAP Caribe"
"982",5809,"Titiribí","Antioquia","Suroeste Antioqueño",0,34.4794654846191,70.044265155346,58.5130337102033,0,-0.243694895852749,2,6,0,177,0,0,8795,4415,34.4093910491563,34.2186353631695,35.1267459906881,35.1267459906881,3,"RAP del Agua y la Montaña"
"983",27800,"Unguía","Chocó","Uraba",1,66.4627380371094,52.3184452181602,50.1251427466338,4,1.02663273780065,53,27,0,399,417.48,84.22,8157,5854,38.8500698742264,38.87003393891,44.7468539654668,44.7468539654668,2,"RAP Pacífico"
"984",5895,"Zaragoza","Antioquia","Bajo Cauca Antioqueño",1,64.0059661865234,57.9025403484263,49.0640190927566,14,0.427601748608441,71,38,0,367,807.18,1323.59,16272,7598,27.3402475744396,27.1395115423218,38.3626844359829,38.3388862446454,2,"RAP del Agua y la Montaña"
"985",70001,"Sincelejo","Sucre","Morrosquillo Y Sabanas De Sucre",0,43.0636444091797,63.6283379051093,68.4394903761042,16,-0.818520531932073,16,73,0,800,0,0,215796,25002,63.2704984387649,63.3459443682642,74.1434044882321,74.3513957307061,13,"RAP Caribe"
"986",8421,"Luruaco","Atlántico","Canal Del Dique",0,48.2145805358887,59.4656436758332,55.1577901355293,0,-0.794807158876505,0,2,0,84,0,0,20890,10395,68.2007363534497,68.4728669761486,73.7482853223594,72.8652263374486,2,"RAP Caribe"
"987",8372,"Juan de Acosta","Atlántico","Occidente De Atlantico",0,31.6976127624512,50.0148764409636,62.3963333589983,1,-0.892146965681279,0,2,0,19,0,0,16667,6147,75.54379776602,75.1238767111783,70.1192718141871,70.15065913371,3,"RAP Caribe"
"988",13222,"Clemencia","Bolívar","Canal Del Dique",0,72.0623626708984,55.7220757568532,50.9773521444665,0,-0.82542777951776,1,0,0,37,0,0,10416,1849,63.1375343581391,62.2518578845566,74.2424242424242,73.2007575757576,2,"RAP Caribe"
"989",13052,"Arjona","Bolívar","Canal Del Dique",0,56.2089347839355,56.7260397676561,63.8979397955248,1,-0.871283111389134,0,17,0,106,0,0,52121,11120,51.7180655528407,51.9139756543177,60.265780730897,60.7308970099668,4,"RAP Caribe"
"990",13473,"Morales","Bolívar","Magdalena Medio",1,75.4708251953125,58.8269107212426,56.6516283799019,8,1.41224419326642,72,107,5,226,318.26,0,15407,10673,52.4665090622537,52.4665090622537,57.2056055218574,57.1428571428571,4,"RAP Caribe"
"991",47707,"Santa Ana","Magdalena","Sur De Magdalena",0,67.5612411499023,53.5220346723432,56.9366693146268,1,-0.905265317147648,0,7,0,65,0,0,17327,7634,57.595761313298,57.6826196473552,62.3016872324352,62.5535129690254,3,"RAP Caribe"
"992",20750,"San Diego","Cesar","Serrania Del Perija",0,48.305362701416,73.9118166698779,58.640691228163,4,2.81260066697125,77,95,8,396,0,0,14102,6035,55.3430079155673,56.0309084055786,55.9849435382685,54.8808030112923,4,"RAP Caribe"
"993",5093,"Betulia","Antioquia","Suroeste Antioqueño",0,51.7867736816406,74.050065563476,60.7926011164534,4,1.2740757734912,32,75,0,452,0,0,11380,7449,28.921011874032,29.0036138358286,41.5681233933162,41.6709511568123,2,"RAP del Agua y la Montaña"
"994",73870,"Villahermosa","Tolima","Norte Del Tolima",0,35.5120658874512,65.2046370243809,58.1551782869074,0,-0.399208393291248,34,7,0,84,0,0,6510,3928,44.953596287703,45.0889404485692,50.4563894523327,50.4563894523327,2,"RAP (E) Central"
"995",54670,"San Calixto","Norte de Santander","Catatumbo",1,76.9324111938477,62.8144634724727,58.5739853777235,38,4.40801034080946,109,238,14,181,965.93,0,7479,5904,52.8698979591837,52.9017857142857,50.4962779156328,50.4962779156328,3,"RAP Gran Santander"
"996",52693,"San Pablo","Nariño","Norte De Nariño",0,52.0819053649902,67.162930913734,62.2083523813986,0,0.413969944588564,16,9,13,62,0,0,11586,8505,64.121915820029,64.7024673439768,75.1414888985633,74.9673487157162,2,"RAP Pacífico"
"997",13873,"Villanueva","Bolívar","Canal Del Dique",0,79.0646362304688,45.1246922610004,50.5987283707227,0,-0.570762789511633,9,4,0,110,0,0,17259,2439,62.3685904312379,62.1039834084245,57.7291381668947,57.5923392612859,4,"RAP Caribe"
"998",8078,"Baranoa","Atlántico","Centro Oriente De Atlantico",0,27.1506099700928,59.4516173047042,62.1898070425488,0,-0.886609136385684,0,2,0,90,0,0,49433,8054,73.5391536484081,73.3933161953727,74.5957711442786,74.6735074626866,5,"RAP Caribe"
"999",5604,"Remedios","Antioquia","Nordeste Antioqueño",1,49.4856910705566,64.2331776304752,59.3994410791431,32,2.70964809299153,182,67,0,966,129.44,1409.02,20144,10500,21.4942187963237,21.5090423954936,32.8472388238107,32.8472388238107,4,"RAP del Agua y la Montaña"
"1000",8758,"Soledad","Atlántico","Norte De Atlantico",0,22.0414543151855,59.1658896369602,64.0499412954244,8,-0.899432081831053,4,4,0,492,0,0,485179,500,57.1389555483535,57.3916748296694,0,0,4,"RAP Caribe"
"1001",23682,"San José de Uré","Córdoba","Alto Sinu Y San Jorge",1,72.532600402832,50.8692304028043,65.6658750675184,34,-0.887796090009711,1,1,0,22,575.76,138.82,8413,5114,52.5462962962963,50.733024691358,62.6757886735082,62.7518053971874,1,"RAP Caribe"
"1002",52694,"San Pedro de Cartago","Nariño","Norte De Nariño",0,62.5290145874023,60.252342488711,60.3892005646586,0,-0.817898113873232,0,9,0,13,0,0,5131,4497,71.1315789473684,71.3421052631579,77.0512820512821,76.7948717948718,2,"RAP Pacífico"
"1003",19701,"Santa Rosa","Cauca","Macizo Colombiano",0,77.6909103393555,57.5794713268118,56.1891882147288,0,0.380464621574028,58,40,0,66,0,0,3855,3393,32.6413743736578,32.6413743736578,48.1884057971015,48.1884057971015,1,"RAP Pacífico"
"1004",15842,"Umbita","Boyacá","Altiplano Cundiboyacense",0,50.5218200683594,54.2805571507099,60.1897515373503,0,-0.95281892975842,0,2,0,3,0,0,5450,4537,52.1648770349844,52.1821960512643,0,0,2,"RAP (E) Central"
"1005",5361,"Ituango","Antioquia","Norte De Antioquia",1,70.1780395507812,61.8137665055053,59.6624842607595,103,5.61726390526174,374,68,16,786,1414.19,0,21071,14687,24.8858030330714,24.8583957610086,17.8041119360366,17.8041119360366,3,"RAP del Agua y la Montaña"
"1006",76890,"Yotoco","Valle del Cauca","Centro Del Valle",0,26.7193298339844,68.4773643152654,68.6086214875277,0,-0.853409991627422,4,6,0,69,0,0,12064,5484,47.6140838545286,47.8920546675932,53.4164673727366,53.8606081311924,1,"RAP Pacífico"
"1007",13670,"San Pablo","Bolívar","Magdalena Medio",1,70.1636962890625,51.2846406713592,55.8741414002101,21,3.54370972227444,272,171,0,923,3972.77,110.63,18546,3765,56.2134454885983,55.957153183939,55.2310536044362,55.1940850277264,2,"RAP Caribe"
"1008",27787,"Tadó","Chocó","Valle De San Juan",0,83.6393508911133,59.92348950535,46.6778914440808,13,0.539301731392924,88,52,0,165,0,837.56,11678,4567,51.9684151156232,51.912013536379,58.2589285714286,58.7797619047619,4,"RAP Pacífico"
"1009",8558,"Polonuevo","Atlántico","Centro Oriente De Atlantico",0,36.6724128723145,41.0668685881871,57.1320847912465,1,-0.905284786115699,0,0,0,20,0,0,14058,2209,78.1311785437978,78.1139860740995,80.1033591731266,80.1894918173988,2,"RAP Caribe"
"1010",13654,"San Jacinto","Bolívar","Montes De Maria",1,92.1870651245117,60.5758814267226,54.2931305412671,2,1.05245971910868,47,116,0,363,0,0,17676,2362,65.378421900161,64.962859072256,57.1428571428571,56.7327409432673,4,"RAP Caribe"
"1011",23686,"San Pelayo","Córdoba","Norte De Cordoba",0,67.7353668212891,55.6519936852957,61.3320489590245,2,-0.913628303972505,0,3,0,76,0,0,39546,32960,54.3255066511919,54.3701455227212,70.8887026617183,70.6532583103875,3,"RAP Caribe"
"1012",47001,"Santa Marta","Magdalena","Sierra Nevada De Santa Marta",1,32.8441390991211,65.5226700935646,69.7749361972437,17,0.584918531270689,82,163,6,3934,2.49,0,394597,37398,49.6493063567371,49.7760554788177,42.9657161877288,43.0877621213802,14,"RAP Caribe"
"1013",5172,"Chigorodó","Antioquia","Uraba",1,48.6105270385742,69.5473740761833,62.4447404268189,8,1.31774814591444,76,100,0,1979,12.18,23.17,40844,5136,36.149657474091,36.1430704373792,45.956607495069,45.956607495069,5,"RAP del Agua y la Montaña"
"1014",19698,"Santander de Quilichao","Cauca","Norte Del Cauca",1,34.5899505615234,70.1080265509062,64.5943166923632,47,0.623477145835099,81,83,6,561,356.05,57.77,84162,44468,45.3232882937999,45.3739796185915,48.9738660570479,48.9790616719489,3,"RAP Pacífico"
"1015",13001,"Cartagena","Bolívar","Canal Del Dique",0,28.7131099700928,64.6773436482143,70.8804967372662,3,-0.823561151914209,14,55,0,866,0,0,759964,81850,42.8006522101966,42.7849603638226,50.4683138633309,50.3070402150315,5,"RAP Caribe"
"1016",76892,"Yumbo","Valle del Cauca","Sur Del Valle",0,23.5745601654053,74.7639311785709,81.1205320105419,0,-0.99030083466275,5,16,0,231,0,0,81265,11023,50.2914697664793,50.2880204201304,53.0014153692449,52.7766214303555,9,"RAP Pacífico"
"1017",91540,"Puerto Nariño","Amazonas","Amazonia Sur-Oriental",0,83.3036041259766,57.4687856820264,54.1965072831425,0,-1.18696223919349,2,0,0,0,0,0,6089,3511,64.8093841642229,64.8093841642229,64.4886363636364,64.4886363636364,1,"RAP Amazonia"
"1018",5475,"Murindó","Antioquia","Atrato",1,98.6896896362305,46.9155588269708,52.4109352235232,26,0.907331151908966,7,5,0,136,46.05,0,2701,1342,36.554082941428,36.5968362548097,52.0309477756286,52.0309477756286,1,"RAP del Agua y la Montaña"
"1019",52683,"Sandoná","Nariño","Centro De Nariño",0,48.3572425842285,59.6940788878955,61.8606231679827,0,-0.936882388638504,14,4,0,13,22.59,0,15663,7713,65.269237935532,65.0735979131731,70.6747563890421,70.4725133296562,2,"RAP Pacífico"
"1020",5209,"Concordia","Antioquia","Suroeste Antioqueño",0,44.050952911377,78.1169261447878,58.8409514867246,3,0.367531116578643,17,26,0,418,0,0,16589,9695,29.0486860867794,29.1097983295987,21.8660968660969,21.6524216524217,2,"RAP del Agua y la Montaña"
"1021",23807,"Tierralta","Córdoba","Alto Sinu Y San Jorge",1,74.0004959106445,57.6642741548218,64.8139221057054,23,4.0883485499734,168,119,27,2187,2379.48,0,59595,30573,46.3874321570064,46.2820894496989,51.6160932701817,51.5224067037943,3,"RAP Caribe"
"1022",13810,"Tiquisio","Bolívar","Magdalena Medio",0,86.4801330566406,53.334224233394,53.1316438427543,4,0.768374019877578,39,128,0,208,286.71,74.68,11429,7767,52.4552845528455,52.8130081300813,59.5471589270262,59.2298817421402,1,"RAP Caribe"
"1023",27810,"Unión Panamericana","Chocó","Valle De San Juan",0,53.177116394043,51.1670144177983,50.2632385284337,1,-0.826988669854113,0,8,0,10,0,1679.84,4854,2965,53.1195538515162,54.7577553154409,58.247634718223,59.8107774578363,2,"RAP Pacífico"
"1024",52696,"Santa Bárbara","Nariño","Anden Pacifico Sur",1,89.1894378662109,62.5122316488008,62.511305387555,9,-0.278756980613378,19,57,0,29,1595.08,216.02,8035,5828,37.5395653091369,36.5266933952311,51.5140045420136,47.7668433005299,1,"RAP Pacífico"
"1025",5837,"Turbo","Antioquia","Uraba",1,67.1562576293945,58.3008654245067,61.6046540210349,16,3.8603481111778,359,155,0,5130,43.04,0,83521,44784,37.1470519394855,37.1640743026151,37.8808085562616,36.8949556758453,1,"RAP del Agua y la Montaña"
"1026",23815,"Tuchín","Córdoba","Norte De Cordoba",0,92.2631912231445,49.7510026609146,69.6153292668954,2,-0.972647064965487,2,1,0,17,0,0,33219,28247,71.1815561959654,71.055036198777,67.1050983339597,66.7543530001253,2,"RAP Caribe"
"1027",20770,"San Martín","Cesar","Magdalena Medio",0,51.4841842651367,64.1283175387093,63.9882364823971,0,0.897539033242524,55,28,0,433,1.32,0,20016,9000,51.4566929133858,51.4566929133858,60.3045473508552,60.5131414267835,2,"RAP Caribe"
"1028",8433,"Malambo","Atlántico","Norte De Atlantico",0,34.9389953613281,49.7974330044596,62.9251796556303,2,-0.881856358798147,1,1,0,187,0,0,98663,6415,65.0999221385933,65.2517518816507,74.9867374005305,74.8541114058355,3,"RAP Caribe"
"1029",68895,"Zapatoca","Santander","Serrania De Los Yariguies",0,22.2590446472168,66.104307071246,61.732059520877,0,-0.571028530259846,19,4,0,66,0,0,7137,2133,40.6963305403063,40.6674371568911,36.5280289330922,36.3471971066908,4,"RAP Gran Santander"
"1030",76895,"Zarzal","Valle del Cauca","Norte Del Valle",0,20.1365814208984,77.9624312706601,68.6553034739099,0,-0.959229306851002,1,2,0,161,0,0,31113,7179,52.7059759227794,52.7168215176602,52.158273381295,52.1900126957258,2,"RAP Pacífico"
"1031",70771,"Sucre","Sucre","La Mojana",0,82.2026748657227,49.1437361189644,56.4741269468208,1,-0.212614256401979,23,82,0,89,0,0,21784,16850,57.3348264277716,57.558790593505,66.8834725455292,66.8971655484048,4,"RAP Caribe"
"1032",8549,"Piojó","Atlántico","Occidente De Atlantico",0,42.3085479736328,47.8276849558565,57.7036288157643,0,-0.774163220669112,0,0,0,20,0,0,5175,2820,69.2791942083727,68.6181932640856,75.1284246575343,74.7859589041096,2,"RAP Caribe"
"1033",99773,"Cumaribo","Vichada","Altillanura",0,92.9780349731445,36.7882338512251,44.9452027548858,1,0.807617563784523,140,86,0,354,310.83,0,44777,42890,53.1557215886748,53.716083366103,41.0402233481543,41.1539654637576,1,"RAP Llanos"
"1034",13244,"El Carmen de Bolívar","Bolívar","Montes De Maria",1,79.0381164550781,40.5234182677313,60.022655747523,12,1.77510608306522,172,152,0,1509,0,0,50573,13538,55.2607025842428,55.1348536463645,57.1902149062643,56.3328760859625,6,"RAP Caribe"
"1035",19743,"Silvia","Cauca","Norte Del Cauca",0,70.9089508056641,64.8302637483893,58.4069865096296,5,-0.21668110631685,38,35,3,39,0,0,26381,23270,43.5664483414325,43.5347559687302,41.5712444073709,41.5712444073709,8,"RAP Pacífico"
"1036",13433,"Mahates","Bolívar","Canal Del Dique",0,58.3770561218262,60.1732583240798,58.0845665241173,1,-0.788077274469974,0,11,0,65,0,0,20728,13606,59.709878434978,59.4749208295025,58.1776855420496,56.8237968178674,3,"RAP Caribe"
"1037",25898,"Zipacón","Cundinamarca","Altiplano Cundiboyacense",0,30.3844585418701,68.7669230936487,62.8318218637351,0,-0.992687514357171,0,0,0,3,0,0,4053,2617,55.3304549983394,55.2972434407174,54.2990654205607,54.2990654205607,3,"RAP (E) Central"
"1038",13673,"Santa Catalina","Bolívar","Canal Del Dique",0,56.2684478759766,46.8398343597378,54.7562563751259,0,-0.799516601315937,7,3,0,25,0,0,10390,6370,56.7053701015965,56.1538461538462,70.5533596837945,70.3557312252964,3,"RAP Caribe"
"1039",18756,"Solano","Caquetá","Amazonia Sur-Oriental",1,91.1106643676758,59.3978113093655,61.481164756931,5,-0.0841613640277724,29,26,0,220,713.34,0,6911,4871,24.1941015089163,23.7482853223594,29.8552171742386,30.3045431852222,2,"RAP Amazonia"
"1040",54673,"San Cayetano","Norte de Santander","Area Metropolitana De Cucuta",0,42.6741561889648,61.5972288821072,64.3322482800218,0,-0.394979227203246,1,3,0,60,0,0,5418,3551,38.9632681084792,38.9461036731891,65.8115441539221,65.7128761716823,2,"RAP Gran Santander"
"1041",52699,"Santacruz","Nariño","Occidente De Nariño",0,80.6146469116211,56.0835009666828,59.2087551963098,0,-0.622206454678284,31,8,1,46,829.93,0,8151,7011,55.1610627792147,55.3726781095697,49.21875,49.4318181818182,1,"RAP Pacífico"
"1042",23855,"Valencia","Córdoba","Alto Sinu Y San Jorge",1,75.4377517700195,60.0869263981461,61.7079709239099,0,0.827363611213593,85,37,0,774,7.65,0,24838,13049,49.8966274712495,50.0516862643752,58.5647036218657,58.6127389758863,5,"RAP Caribe"
"1043",19760,"Sotará","Cauca","Macizo Colombiano",0,64.5943756103516,66.7559570450643,58.9718766342883,2,-0.425638727302889,42,13,0,42,0,0,10909,10621,46.7943994104643,46.5733235077377,52.6538918093946,52.586060708835,3,"RAP Pacífico"
"1044",20787,"Tamalameque","Cesar","Sur De Cesar",0,64.8825531005859,45.2583240402131,56.1194379569544,1,-0.504638840507701,7,10,0,94,0,0,10688,6355,46.9252077562327,47.1098799630656,55.9958506224066,53.2572614107884,1,"RAP Caribe"
"1045",5483,"Nariño","Antioquia","Oriente Antioqueño",0,42.6769523620605,68.2607097207591,58.7736524714418,7,3.02797263046547,37,107,19,344,0,0,7263,4492,35.8831908831909,35.9116809116809,41.2158927716611,41.263762565821,3,"RAP del Agua y la Montaña"
"1046",54680,"Santiago","Norte de Santander","Provincia De Ricaurte",0,48.3391532897949,54.9648983480994,54.4550031923156,1,0.117731971085566,21,4,0,44,0,0,2647,1227,56.6025641025641,56.6666666666667,69.3181818181818,69.3181818181818,1,"RAP Gran Santander"
"1047",19780,"Suárez","Cauca","Norte Del Cauca",1,67.8730010986328,57.5363785070917,51.7489782268064,34,-0.310939778286319,22,31,1,70,804.74,0,22822,18658,40.3883029721956,39.5853307766059,45.3150754405985,45.0741726892355,3,"RAP Pacífico"
"1048",54720,"Sardinata","Norte de Santander","Catatumbo",1,57.6300392150879,57.7716363067641,55.9935857003656,35,1.68572782864407,158,95,2,327,5135.03,0,17508,9986,42.2580920659322,42.2666325049108,39.3269713711703,39.3269713711703,3,"RAP Gran Santander"
"1049",47745,"Sitionuevo","Magdalena","Cienaga Grande De Santa Marta",0,70.3528213500977,54.1176879878939,63.2231359024673,0,-0.444969754769942,0,8,0,352,0,0,19660,9226,63.7197664720601,63.3110925771476,54.911131898971,54.022450888681,1,"RAP Caribe"
"1050",41885,"Yaguará","Huila","Centro Del Huila",0,32.5708084106445,66.9700932584505,69.2171490544835,0,-0.918541553425994,4,4,0,7,0,0,5829,978,49.6718377088306,49.6718377088306,30.4347826086957,30.4347826086957,2,"RAP (E) Central"
"1051",5031,"Amalfi","Antioquia","Nordeste Antioqueño",1,47.4854507446289,66.2245926779435,64.3719271476174,7,1.85874270465672,67,31,7,618,475.39,1015.23,19688,7500,28.9015264890751,28.895540257408,20.8121827411168,20.8121827411168,1,"RAP del Agua y la Montaña"
"1052",54743,"Silos","Norte de Santander","Suroccidente De Norte De Santander",0,50.2294883728027,59.4819718045405,56.2782298199598,0,-0.627768405767751,9,7,0,18,0,0,4594,3836,45.793991416309,45.9656652360515,60.7206142941524,60.7796810395747,1,"RAP Gran Santander"
"1053",19785,"Sucre","Cauca","Macizo Colombiano",0,80.2371063232422,65.1785456339415,59.1385670572966,1,-0.50545626850339,15,1,0,64,46.19,0,7456,6242,48.3598875351453,47.610121836926,55.9638378536016,53.4266550014582,2,"RAP Pacífico"
"1054",13688,"Santa Rosa del Sur","Bolívar","Magdalena Medio",1,66.8159561157227,72.554790338766,63.1105268191686,12,0.152788405676865,21,52,6,191,2515.23,1728.19,22666,9356,37.3012081086615,37.2943826359975,49.6587345508209,49.6218409887475,2,"RAP Caribe"
"1055",13430,"Magangué","Bolívar","Sur De Bolivar",0,58.0973930358887,47.5393076960753,62.4559341701474,3,-0.603350324515618,17,88,0,351,0,0,97408,31201,57.0709628927632,57.2294570350158,67.8315738381264,67.9468511103021,6,"RAP Caribe"
"1056",52720,"Sapuyes","Nariño","Centro Occidente De Nariño",0,46.9932632446289,59.5524177955852,57.008048772199,1,-1.045316818693,0,0,0,8,0,0,5618,4523,62.7793579845591,62.8199918732223,59.0174326465927,58.6687797147385,2,"RAP Pacífico"
"1057",44847,"Uribia","La Guajira","Alta Guajira",0,98.3132095336914,57.0057558641995,65.2686314618784,2,-0.907983961865041,18,3,0,66,0,0,121888,114189,35.3067467178386,35.3238462561511,36.3168622484317,36.2931153899432,5,"RAP Caribe"
"1058",52786,"Taminango","Nariño","Norte De Nariño",0,50.1635627746582,64.6823554948653,66.1896471754848,0,-0.354960166383214,8,8,0,222,0,0,14208,11007,51.0214250124564,51.0214250124564,62.6232394366197,62.6408450704225,2,"RAP Pacífico"
"1059",70823,"Tolú Viejo","Sucre","Montes De Maria",1,60.3046531677246,50.3799251867108,65.1815980794182,0,0.48545839628444,15,42,0,438,0,0,15946,11287,68.75,68.7647405660377,73.1022115959354,72.8801981043463,2,"RAP Caribe"
"1060",52788,"Tangua","Nariño","Centro De Nariño",0,46.7915840148926,66.0058539457071,65.7896963439462,1,-0.842420543769872,5,11,0,11,0,0,10390,8252,51.1773286101271,51.2815169827047,59.0095465393795,58.7708830548926,1,"RAP Pacífico"
"1061",5282,"Fredonia","Antioquia","Suroeste Antioqueño",0,27.9059352874756,74.5124997486031,59.4606265423464,1,-0.461371360705193,5,15,0,158,0,0,20205,12332,35.3397020509052,35.3330215779277,38.2767937556289,38.2167517262083,4,"RAP del Agua y la Montaña"
"1062",5250,"El Bagre","Antioquia","Bajo Cauca Antioqueño",1,57.9430770874023,73.4089690831534,58.4515350409771,49,1.65598983814921,242,50,0,522,1152.82,1665.54,34342,10481,35.0869536023635,34.8754448398576,33.5581787521079,33.5581787521079,1,"RAP del Agua y la Montaña"
"1063",52835,"Tumaco","Nariño","Anden Pacifico Sur",1,51.8890838623047,52.1635207150982,60.6431924624531,106,0.87758432211417,174,75,0,1922,18109.11,46.5,168657,110278,38.0769063149178,37.9752168165376,53.0542283166664,52.8623954244303,2,"RAP Pacífico"
"1064",47720,"Santa Bárbara de Pinto","Magdalena","Sur De Magdalena",0,80.2477264404297,48.2401128267775,57.9639475557273,0,-1.03191013197483,0,0,0,12,0,0,7667,2989,56.3340527976092,55.9521832973601,66.0714285714286,65.7509157509158,2,"RAP Caribe"
"1065",44855,"Urumita","La Guajira","Serrania Del Perija",0,55.0943222045898,54.2254795002949,59.9789198379381,2,1.00026519583056,41,112,2,126,0,0,8085,848,67.5270108043217,67.515006002401,68.5714285714286,68.5714285714286,2,"RAP Caribe"
"1066",47960,"Zapayán","Magdalena","Cienaga Grande De Santa Marta",0,77.7590026855469,44.7738353615307,56.4824375584797,0,-0.843875808801323,0,3,0,32,0,0,7178,4559,62.2274602239246,62.3747790218032,77.2882805816938,77.2882805816938,2,"RAP Caribe"
"1067",5036,"Angelópolis","Antioquia","Suroeste Antioqueño",0,32.4377288818359,71.4604891665372,58.7325961566926,0,-0.0746900459806606,6,5,0,114,0,0,4567,2512,45.9263729631865,45.9666063166365,49.2170022371365,49.3288590604027,2,"RAP del Agua y la Montaña"
"1068",5501,"Olaya","Antioquia","Occidente Antioqueño",0,45.5455169677734,66.2846795141964,58.0138294597907,0,0.656057513931503,6,5,0,80,0,0,2405,2084,35.4330708661417,35.6955380577428,48.9669421487603,48.9256198347107,1,"RAP del Agua y la Montaña"
"1069",5854,"Valdivia","Antioquia","Norte De Antioquia",1,59.6801376342773,63.4108305649653,61.1705533436652,41,3.09523156058759,103,149,0,840,4105.39,269.27,9472,6144,29.0639692263855,28.6650520017096,25.9338939956972,25.9925679640133,2,"RAP del Agua y la Montaña"
"1070",13490,"Norosí","Bolívar","Magdalena Medio",0,88.8052978515625,41.2466147478944,57.7531548525189,9,-0.695631141042292,5,5,0,12,82.68,416.01,6280,4888,37.4935798664612,37.3908577298408,55.5940594059406,55.8415841584158,1,"RAP Caribe"
"1071",15861,"Ventaquemada","Boyacá","Altiplano Cundiboyacense",0,31.0626335144043,57.926930106585,66.3123774898527,0,-0.979863101983362,0,1,0,2,0,0,11217,9128,47.7860298956473,47.7860298956473,39.4871794871795,39.4871794871795,2,"RAP (E) Central"
"1072",47798,"Tenerife","Magdalena","Cienaga Grande De Santa Marta",0,75.6658248901367,52.0531721002789,52.2840248430893,0,-0.487400666614914,6,4,0,122,0,0,9130,4749,69.5080370189966,69.8814742653028,76.8536121673004,76.972433460076,3,"RAP Caribe"
"1073",15879,"Viracachá","Boyacá","Altiplano Cundiboyacense",0,31.2176952362061,64.3791783593893,55.9829641518432,0,-0.997104107800686,NA,NA,NA,NA,0,0,2069,1714,44.622604614783,44.9354712553774,0,0,1,"RAP (E) Central"
"1074",15407,"Villa de Leyva","Boyacá","Altiplano Cundiboyacense",0,30.3945159912109,61.0883525668579,71.2914230060625,0,-0.963294525113329,0,2,0,1,0,0,12765,6094,53.0398718069564,53.030445847865,45.7142857142857,45.7142857142857,2,"RAP (E) Central"
"1075",18785,"Solita","Caquetá","Amazonia Sur-Oriental",1,55.938549041748,69.5413650411097,60.4153114082325,3,1.89622747359119,27,31,0,391,8.52,0,4121,1538,31.8675543097407,31.8675543097407,0,0,2,"RAP Amazonia"
"1076",18860,"Valparaíso","Caquetá","Florencia Y Area De Influencia",1,53.9585762023926,53.5698685059542,57.5006581963226,1,3.09445694905685,110,45,1,571,175.16,0,4627,2892,40.409756097561,40.409756097561,46.8634686346863,46.8634686346863,3,"RAP Amazonia"
"1077",19807,"Timbío","Cauca","Macizo Colombiano",0,35.1887397766113,63.322856655078,63.2854504540175,11,-0.327790338889773,29,25,0,211,0,0,28070,17098,52.384215635886,52.5212723430986,57.7428826758585,57.8067151793693,3,"RAP Pacífico"
"1078",19809,"Timbiquí","Cauca","Anden Pacifico Sur",1,72.3662109375,53.951375228782,61.244661500337,4,-0.791971609719767,7,6,0,49,3376.08,554.26,15778,12083,47.485406376291,48.1365065110014,55.4130223517979,55.5296404275996,2,"RAP Pacífico"
"1079",19821,"Toribío","Cauca","Norte Del Cauca",1,84.6547927856445,56.5470014383574,61.0402974218801,35,1.1646156994636,183,19,5,102,2.41,0,25045,23647,49.8694176025072,49.8694176025072,54.5529801324503,54.5529801324503,3,"RAP Pacífico"
"1080",19824,"Totoró","Cauca","Norte Del Cauca",0,79.6396789550781,64.093823637398,58.8826188786466,5,0.00416506367516739,68,7,4,26,0,0,17259,16550,45.5803836266561,45.6199327664623,50.272682201289,50.685837051727,4,"RAP Pacífico"
"1081",19845,"Villa Rica","Cauca","Norte Del Cauca",0,30.5143165588379,60.1139897500884,71.91668528867,1,-0.881618130190678,7,2,0,15,0,0,15832,5263,52.5055541841521,52.6207520776763,60.126582278481,59.845288326301,2,"RAP Pacífico"
"1082",20001,"Valledupar","Cesar","Sierra Nevada De Santa Marta",1,37.5876998901367,73.6641461443543,66.7468419006826,7,1.41265583744091,225,542,0,3587,0,0,379871,41375,47.4617474617475,47.625444993866,52.0132332768498,51.9527152424756,10,"RAP Caribe"
"1083",25899,"Zipaquirá","Cundinamarca","Altiplano Cundiboyacense",0,15.7822513580322,75.8554320656332,71.3291816429943,0,-0.976239698918459,3,8,0,31,0,0,118786,16403,57.6622653213657,57.6901165955615,53.6785554394866,53.6785554394866,4,"RAP (E) Central"
"1084",44874,"Villanueva","La Guajira","Serrania Del Perija",0,44.7296943664551,53.8900244765066,58.3342478410642,2,0.427801003076141,68,61,0,317,0,0,20411,1034,52.8483738961878,53.1283652810683,0,0,4,"RAP Caribe"
"1085",47980,"Zona Bananera","Magdalena","Sierra Nevada De Santa Marta",0,43.9023971557617,49.3707731577844,60.3421240701295,2,0.694132730452649,54,42,0,1438,0,0,47658,46101,40.5035815064033,40.1888430649012,52.0749626908506,52.1266215130295,2,"RAP Caribe"
"1086",50711,"Vistahermosa","Meta","Ariari Guayabero",1,67.5135192871094,65.6589830826185,66.5603255497891,21,6.94823300509899,442,239,0,1408,505.57,0,11552,6508,45.7685054219708,45.7802923149458,48.6263736263736,48.6513486513486,4,"RAP (E) Central"
"1087",52838,"Túquerres","Nariño","Centro Occidente De Nariño",0,46.999382019043,64.9343827798087,64.4292331882863,2,-0.844004880851342,10,15,0,96,0,0,34119,20681,53.7475693830652,53.8624712745271,54.6967213114754,54.7213114754098,3,"RAP Pacífico"
"1088",52885,"Yacuanquer","Nariño","Centro De Nariño",0,52.6416854858398,64.8424401533851,59.1401156607761,0,-1.00837738754774,8,1,0,2,0,0,8427,5940,59.7873671044403,59.7248280175109,66.1182519280206,66.1182519280206,2,"RAP Pacífico"
"1089",54800,"Teorama","Norte de Santander","Catatumbo",1,64.8540878295898,76.5128255693315,60.518268573284,47,1.78980347247071,121,160,1,247,3714.85,0,10802,8724,49.6668517490283,49.6668517490283,41.1493155046164,41.0856415154409,1,"RAP Gran Santander"
"1090",54810,"Tibú","Norte de Santander","Catatumbo",1,61.8947830200195,68.1574268527083,66.6343954809667,102,6.57617809947437,328,151,1,3054,22229.6,0,36536,21979,37.9774718397997,38.0325406758448,40.4353466916535,40.4713853250685,3,"RAP Gran Santander"
"1091",54820,"Toledo","Norte de Santander","Suroriente De Norte De Santander",0,41.9882736206055,63.3088508886186,66.1500400574699,7,-0.0735589242440967,68,27,0,87,0,0,11566,7240,50.9198507654702,50.9327158111411,56.2841530054645,56.2613843351548,1,"RAP Gran Santander"
"1092",54871,"Villa Caro","Norte de Santander","Provincia De Ricaurte",0,50.2862739562988,53.3234384653807,57.7120801325313,0,-0.680062472859822,0,8,0,19,0,0,3485,1786,53.3893221355729,53.4193161367726,65.1474530831099,65.1474530831099,2,"RAP Gran Santander"
"1093",54874,"Villa del Rosario","Norte de Santander","Area Metropolitana De Cucuta",0,30.36403465271,70.1915348447548,61.4141562922123,11,-0.709414476704117,9,16,0,462,0,0,81878,2292,45.0344297997155,45.036947518159,29.0215588723051,29.0878938640133,3,"RAP Gran Santander"
"1094",73873,"Villarrica","Tolima","Sumapaz",0,37.4532623291016,56.9658869595963,56.1527241433295,0,-0.482836347069591,37,3,0,35,0,0,3691,2174,37.3600746268657,37.3833955223881,39.2739273927393,39.2739273927393,2,"RAP (E) Central"
"1095",94001,"Inírida","Guainía","Amazonia Sur-Oriental",0,82.9751129150391,54.2633640530475,60.1483837910626,0,-0.251293595033119,98,13,0,30,0,13.77,21593,5734,60.5959941377626,61.9540791402052,67.2839506172839,67.2839506172839,1,"RAP Amazonia"
